2016-06-03_8:34:48,-9.0,-8.0,-12.0,-8.0,-16.0,-8.0,-10.0,-9.0,-15.0,-2.0,12.0,-2.0
2016-06-03_8:34:53,-10.0,-6.0,-1.0,-9.0,-8.0,-8.0,-5.0,-9.0,-5.0,-7.0,22.0,-7.0
2016-06-03_8:34:57,-5.0,-3.0,-3.0,-15.0,-12.0,-15.0,-2.0,-5.0,-4.0,-5.0,20.0,-2.0
2016-06-03_8:35:02,-10.0,-3.0,-1.0,-5.0,-10.0,-6.0,-6.0,-5.0,-2.0,-4.0,12.0,-6.0
2016-06-03_8:35:06,-5.0,-3.0,-3.0,-8.0,-11.0,-1.0,-10.0,-12.0,1.0,0.0,14.0,-4.0
2016-06-03_8:35:11,-6.0,-4.0,1.0,-7.0,-14.0,-10.0,-5.0,-8.0,-3.0,-9.0,10.0,-6.0
2016-06-03_8:35:15,-9.0,-7.0,-4.0,-6.0,-15.0,-5.0,-6.0,-6.0,-1.0,0.0,12.0,-5.0
2016-06-03_8:35:20,-9.0,-7.0,2.0,-13.0,-8.0,-8.0,-4.0,-7.0,0.0,0.0,21.0,-8.0
2016-06-03_8:35:25,-8.0,-5.0,-1.0,-7.0,-10.0,-9.0,-6.0,-7.0,0.0,1.0,9.0,-7.0
2016-06-03_8:35:29,-10.0,-12.0,-3.0,-7.0,-13.0,-4.0,1.0,-9.0,1.0,-4.0,18.0,-9.0
2016-06-03_8:35:34,-17.0,-7.0,1.0,-3.0,-11.0,-7.0,-2.0,-7.0,0.0,-6.0,12.0,-3.0
2016-06-03_8:35:38,-6.0,-3.0,-2.0,-11.0,-11.0,-8.0,-5.0,-3.0,-5.0,0.0,12.0,-4.0
2016-06-03_8:35:43,-8.0,0.0,0.0,-4.0,-14.0,-9.0,-6.0,-4.0,-6.0,1.0,20.0,-6.0
2016-06-03_8:35:48,-7.0,-3.0,-1.0,-10.0,-10.0,-7.0,5.0,-7.0,-5.0,-1.0,21.0,-6.0
2016-06-03_8:35:52,-14.0,1.0,-1.0,-10.0,-12.0,-10.0,-7.0,-9.0,0.0,-1.0,10.0,-3.0
2016-06-03_8:35:57,-11.0,-17.0,3.0,-5.0,-10.0,-8.0,-5.0,-10.0,-1.0,-3.0,28.0,-4.0
2016-06-03_8:36:01,-10.0,-5.0,4.0,-5.0,-8.0,-9.0,-4.0,-9.0,-6.0,-6.0,1.0,-6.0
2016-06-03_8:36:06,-10.0,-1.0,3.0,-4.0,-6.0,-11.0,-8.0,-6.0,-1.0,1.0,2.0,0.0
2016-06-03_8:36:10,-8.0,-7.0,4.0,-6.0,-9.0,-7.0,-7.0,-10.0,1.0,-6.0,9.0,-6.0
2016-06-03_8:36:15,-5.0,-11.0,-3.0,-9.0,-14.0,-9.0,-4.0,-9.0,1.0,0.0,10.0,-5.0
2016-06-03_8:36:20,-7.0,-6.0,-4.0,-8.0,-15.0,-4.0,-9.0,-6.0,1.0,-2.0,15.0,-3.0
2016-06-03_8:36:24,-5.0,-3.0,-6.0,-6.0,-8.0,-12.0,-8.0,-5.0,3.0,-2.0,5.0,-2.0
2016-06-03_8:36:29,-8.0,-2.0,-1.0,-6.0,-16.0,-9.0,-5.0,-8.0,-5.0,3.0,7.0,-5.0
2016-06-03_8:36:33,-4.0,-7.0,0.0,-8.0,-10.0,-6.0,-6.0,-4.0,-1.0,-3.0,5.0,-2.0
2016-06-03_8:36:38,-5.0,-3.0,1.0,-6.0,-12.0,-8.0,-7.0,-7.0,-7.0,-1.0,4.0,-2.0
2016-06-03_8:36:42,-9.0,-4.0,-1.0,-9.0,-11.0,-10.0,-5.0,-8.0,-2.0,0.0,12.0,-2.0
2016-06-03_8:36:47,-16.0,-3.0,4.0,-10.0,-9.0,-6.0,-6.0,-3.0,-7.0,-4.0,2.0,-11.0
2016-06-03_8:36:52,-10.0,-7.0,-2.0,-7.0,-9.0,-4.0,-3.0,-8.0,-6.0,1.0,6.0,-3.0
2016-06-03_8:36:56,-6.0,-7.0,-3.0,-9.0,-9.0,-7.0,-6.0,-5.0,-2.0,-3.0,11.0,-5.0
2016-06-03_8:37:01,-18.0,-6.0,-6.0,-6.0,-8.0,-5.0,-5.0,-9.0,-4.0,-5.0,-34.0,-7.0
2016-06-03_8:37:05,-10.0,-5.0,-4.0,-4.0,-18.0,-5.0,-7.0,-6.0,-6.0,0.0,-35.0,0.0
2016-06-03_8:37:10,-6.0,-7.0,2.0,-6.0,-12.0,-6.0,-5.0,-5.0,-13.0,-6.0,-35.0,-3.0
2016-06-03_8:37:15,-8.0,-5.0,-2.0,-8.0,-14.0,-7.0,-5.0,-5.0,-3.0,-6.0,7.0,-6.0
2016-06-03_8:37:19,-11.0,-3.0,-6.0,-7.0,-14.0,-7.0,-3.0,-2.0,0.0,-3.0,1.0,-4.0
2016-06-03_8:37:24,-11.0,-7.0,0.0,-3.0,-10.0,-12.0,-7.0,-7.0,3.0,-5.0,4.0,-9.0
2016-06-03_8:37:28,-5.0,-5.0,0.0,-8.0,-13.0,-8.0,-10.0,-2.0,-9.0,-7.0,-36.0,-3.0
2016-06-03_8:37:33,-8.0,-3.0,-4.0,-8.0,-6.0,-7.0,-8.0,-6.0,-12.0,-2.0,4.0,-2.0
2016-06-03_8:37:38,-10.0,-11.0,-2.0,-7.0,-7.0,-4.0,-9.0,-7.0,0.0,1.0,12.0,-6.0
2016-06-03_8:37:42,-6.0,-5.0,1.0,-10.0,-14.0,-11.0,-3.0,-7.0,-1.0,-1.0,-1.0,-9.0
2016-06-03_8:37:47,-6.0,-6.0,1.0,-5.0,-14.0,-9.0,-7.0,-5.0,0.0,-3.0,-3.0,-6.0
2016-06-03_8:37:51,-7.0,-3.0,3.0,-6.0,-10.0,-5.0,-7.0,-8.0,0.0,-3.0,3.0,-4.0
2016-06-03_8:37:56,-8.0,-5.0,2.0,-7.0,-15.0,-8.0,-7.0,-9.0,-6.0,2.0,4.0,-7.0
2016-06-03_8:38:01,-5.0,-4.0,-6.0,-5.0,-12.0,-9.0,-6.0,-8.0,0.0,1.0,-1.0,-3.0
2016-06-03_8:38:06,-11.0,-4.0,-4.0,-8.0,-14.0,-6.0,-4.0,-12.0,-4.0,0.0,11.0,-3.0
2016-06-03_8:38:10,-8.0,-4.0,-3.0,-6.0,-7.0,-4.0,0.0,-5.0,-2.0,-5.0,0.0,-8.0
2016-06-03_8:38:15,-9.0,-5.0,0.0,-11.0,-13.0,-3.0,-6.0,-7.0,-5.0,-3.0,8.0,-6.0
2016-06-03_8:38:19,-12.0,-4.0,-7.0,-5.0,-11.0,-9.0,-4.0,-8.0,-2.0,-3.0,10.0,-3.0
2016-06-03_8:38:24,-3.0,-4.0,5.0,-7.0,-13.0,-10.0,-6.0,-5.0,0.0,-6.0,7.0,-6.0
2016-06-03_8:38:29,-5.0,-5.0,0.0,-7.0,-14.0,-6.0,-5.0,-11.0,3.0,-2.0,4.0,-3.0
2016-06-03_8:38:33,-8.0,-7.0,-3.0,-9.0,-7.0,-7.0,-1.0,-2.0,-7.0,-1.0,15.0,-4.0
2016-06-03_8:38:38,-13.0,-7.0,5.0,-7.0,-10.0,-10.0,-4.0,-8.0,-5.0,5.0,2.0,-11.0
2016-06-03_8:38:43,-6.0,-6.0,4.0,-11.0,-9.0,-9.0,-2.0,-5.0,-4.0,-1.0,13.0,-6.0
2016-06-03_8:38:47,-4.0,1.0,1.0,-9.0,-16.0,-2.0,-8.0,-9.0,-1.0,-4.0,4.0,-3.0
2016-06-03_8:38:52,-14.0,-3.0,-3.0,-4.0,-10.0,-10.0,-9.0,-9.0,-4.0,-6.0,-4.0,-3.0
2016-06-03_8:38:56,-9.0,-6.0,-6.0,-3.0,-12.0,-6.0,-11.0,-7.0,-2.0,-4.0,7.0,-5.0
2016-06-03_8:39:01,-8.0,-5.0,2.0,-4.0,-3.0,-6.0,-7.0,-8.0,0.0,-2.0,8.0,-1.0
2016-06-03_8:39:06,-3.0,-8.0,-4.0,-10.0,-14.0,-7.0,-4.0,-8.0,-9.0,-4.0,9.0,-5.0
2016-06-03_8:39:10,-7.0,-6.0,4.0,-6.0,-14.0,-7.0,-3.0,-6.0,1.0,-1.0,6.0,-5.0
2016-06-03_8:39:15,-6.0,-6.0,0.0,-7.0,-12.0,-11.0,-6.0,-5.0,-5.0,5.0,13.0,-7.0
2016-06-03_8:39:19,-10.0,-3.0,-2.0,-10.0,-7.0,-3.0,-7.0,-7.0,-11.0,-2.0,-2.0,-3.0
2016-06-03_8:39:24,-8.0,-3.0,0.0,-6.0,-13.0,-11.0,-9.0,-7.0,-3.0,-3.0,9.0,-7.0
2016-06-03_8:39:28,-6.0,-5.0,-10.0,-8.0,-11.0,-5.0,-12.0,-6.0,-5.0,0.0,5.0,-8.0
2016-06-03_8:39:33,-9.0,-5.0,1.0,-6.0,-13.0,-8.0,-2.0,-8.0,0.0,-2.0,4.0,-6.0
2016-06-03_8:39:37,-10.0,-6.0,-2.0,-6.0,-11.0,-10.0,-5.0,-5.0,1.0,0.0,4.0,-4.0
2016-06-03_8:39:42,-10.0,-2.0,-2.0,-8.0,-10.0,-6.0,-6.0,-7.0,-10.0,0.0,3.0,-3.0
2016-06-03_8:39:47,-8.0,-4.0,-1.0,-6.0,-8.0,-2.0,-5.0,-10.0,-1.0,-1.0,6.0,-4.0
2016-06-03_8:39:51,-9.0,-6.0,-2.0,-11.0,-10.0,-6.0,-8.0,-8.0,-1.0,-2.0,-13.0,-1.0
2016-06-03_8:39:56,-11.0,-5.0,-5.0,-4.0,-13.0,-8.0,-1.0,-3.0,-2.0,-2.0,-26.0,-5.0
2016-06-03_8:40:00,276.0,830.0,219.0,653.0,176.0,288.0,1656.0,92.0,92.0,522.0,28.0,170.0
2016-06-03_8:40:05,270.0,804.0,213.0,642.0,170.0,270.0,1625.0,90.0,94.0,508.0,-4.0,156.0
2016-06-03_8:40:09,268.0,773.0,220.0,637.0,166.0,279.0,1633.0,95.0,84.0,512.0,21.0,158.0
2016-06-03_8:40:14,263.0,789.0,202.0,639.0,158.0,265.0,1670.0,88.0,94.0,500.0,35.0,156.0
2016-06-03_8:40:19,259.0,766.0,215.0,620.0,168.0,269.0,1668.0,91.0,87.0,514.0,25.0,164.0
2016-06-03_8:40:23,263.0,780.0,211.0,635.0,161.0,274.0,1677.0,88.0,93.0,506.0,26.0,167.0
2016-06-03_8:40:28,267.0,778.0,210.0,638.0,166.0,270.0,1711.0,93.0,88.0,514.0,31.0,163.0
2016-06-03_8:40:32,279.0,825.0,222.0,655.0,163.0,273.0,1690.0,91.0,89.0,517.0,18.0,163.0
2016-06-03_8:40:37,267.0,794.0,210.0,647.0,158.0,278.0,1702.0,87.0,87.0,519.0,25.0,167.0
2016-06-03_8:40:42,271.0,789.0,212.0,623.0,165.0,281.0,1718.0,93.0,84.0,511.0,28.0,162.0
2016-06-03_8:40:46,265.0,800.0,213.0,648.0,161.0,265.0,1766.0,98.0,97.0,528.0,21.0,167.0
2016-06-03_8:40:51,269.0,769.0,201.0,623.0,148.0,271.0,1752.0,91.0,88.0,532.0,22.0,167.0
2016-06-03_8:40:55,268.0,761.0,211.0,640.0,158.0,265.0,1704.0,95.0,98.0,526.0,15.0,162.0
2016-06-03_8:41:00,271.0,750.0,206.0,613.0,158.0,272.0,1710.0,80.0,92.0,514.0,19.0,170.0
2016-06-03_8:41:04,262.0,767.0,201.0,612.0,163.0,268.0,1732.0,89.0,83.0,527.0,22.0,163.0
2016-06-03_8:41:09,272.0,772.0,213.0,626.0,157.0,277.0,1741.0,89.0,87.0,525.0,31.0,175.0
2016-06-03_8:41:14,263.0,735.0,199.0,631.0,156.0,266.0,1744.0,90.0,88.0,537.0,13.0,169.0
2016-06-03_8:41:18,274.0,773.0,208.0,640.0,161.0,262.0,1774.0,93.0,91.0,542.0,23.0,170.0
2016-06-03_8:41:23,251.0,772.0,216.0,606.0,151.0,271.0,1753.0,86.0,92.0,526.0,28.0,170.0
2016-06-03_8:41:27,268.0,765.0,204.0,648.0,166.0,275.0,1811.0,89.0,85.0,556.0,25.0,179.0
2016-06-03_8:41:32,268.0,770.0,206.0,635.0,155.0,267.0,1794.0,85.0,84.0,548.0,21.0,181.0
2016-06-03_8:41:37,254.0,751.0,215.0,619.0,157.0,260.0,1752.0,93.0,95.0,530.0,24.0,175.0
2016-06-03_8:41:41,264.0,763.0,206.0,613.0,164.0,267.0,1764.0,90.0,84.0,543.0,21.0,171.0
2016-06-03_8:41:46,269.0,763.0,219.0,625.0,150.0,260.0,1789.0,93.0,86.0,541.0,23.0,174.0
2016-06-03_8:41:50,262.0,752.0,208.0,620.0,151.0,268.0,1770.0,83.0,87.0,546.0,27.0,167.0
2016-06-03_8:41:55,258.0,757.0,200.0,621.0,155.0,267.0,1793.0,90.0,86.0,546.0,24.0,173.0
2016-06-03_8:41:59,261.0,741.0,211.0,606.0,149.0,252.0,1787.0,88.0,77.0,537.0,25.0,158.0
2016-06-03_8:42:04,252.0,748.0,204.0,620.0,152.0,272.0,1781.0,88.0,93.0,539.0,23.0,173.0
2016-06-03_8:42:09,262.0,762.0,207.0,620.0,160.0,260.0,1807.0,101.0,84.0,549.0,24.0,172.0
2016-06-03_8:42:13,265.0,760.0,216.0,617.0,163.0,255.0,1855.0,86.0,90.0,568.0,21.0,170.0
2016-06-03_8:42:19,259.0,755.0,214.0,620.0,155.0,277.0,1844.0,91.0,93.0,566.0,25.0,181.0
2016-06-03_8:42:23,255.0,759.0,207.0,616.0,163.0,255.0,1813.0,84.0,84.0,550.0,15.0,180.0
2016-06-03_8:42:28,257.0,746.0,202.0,608.0,158.0,266.0,1810.0,88.0,79.0,541.0,26.0,182.0
2016-06-03_8:42:33,258.0,743.0,212.0,588.0,156.0,265.0,1787.0,83.0,86.0,542.0,15.0,177.0
2016-06-03_8:42:37,248.0,747.0,208.0,611.0,157.0,262.0,1844.0,89.0,89.0,562.0,15.0,179.0
2016-06-03_8:42:42,257.0,740.0,207.0,612.0,160.0,264.0,1823.0,83.0,84.0,548.0,23.0,181.0
2016-06-03_8:42:46,260.0,757.0,206.0,608.0,152.0,258.0,1818.0,79.0,67.0,553.0,32.0,182.0
2016-06-03_8:42:51,261.0,737.0,214.0,605.0,156.0,268.0,1849.0,93.0,83.0,552.0,25.0,181.0
2016-06-03_8:42:56,259.0,742.0,205.0,593.0,156.0,248.0,1810.0,78.0,83.0,552.0,30.0,181.0
2016-06-03_8:43:00,264.0,746.0,206.0,615.0,152.0,262.0,1849.0,81.0,89.0,564.0,24.0,180.0
2016-06-03_8:43:05,262.0,740.0,202.0,598.0,155.0,261.0,1798.0,85.0,84.0,556.0,27.0,179.0
2016-06-03_8:43:09,260.0,739.0,211.0,613.0,157.0,250.0,1816.0,86.0,82.0,554.0,24.0,174.0
2016-06-03_8:43:14,257.0,739.0,205.0,609.0,157.0,260.0,1868.0,89.0,91.0,568.0,28.0,173.0
2016-06-03_8:43:18,252.0,743.0,215.0,614.0,150.0,248.0,1819.0,86.0,86.0,556.0,24.0,171.0
2016-06-03_8:43:23,262.0,737.0,194.0,610.0,159.0,252.0,1772.0,81.0,74.0,539.0,22.0,174.0
2016-06-03_8:43:28,255.0,740.0,201.0,609.0,159.0,255.0,1834.0,83.0,85.0,551.0,25.0,177.0
2016-06-03_8:43:32,247.0,728.0,195.0,605.0,157.0,259.0,1833.0,82.0,83.0,547.0,27.0,182.0
2016-06-03_8:43:37,255.0,746.0,211.0,592.0,147.0,250.0,1833.0,86.0,88.0,555.0,31.0,181.0
2016-06-03_8:43:41,249.0,731.0,198.0,603.0,163.0,256.0,1800.0,86.0,88.0,545.0,22.0,182.0
2016-06-03_8:43:46,247.0,727.0,197.0,599.0,152.0,252.0,1835.0,81.0,81.0,555.0,23.0,179.0
2016-06-03_8:43:50,267.0,743.0,214.0,598.0,154.0,268.0,1855.0,86.0,83.0,569.0,28.0,179.0
2016-06-03_8:43:55,252.0,728.0,210.0,601.0,149.0,261.0,1870.0,85.0,86.0,576.0,20.0,178.0
2016-06-03_8:44:00,253.0,739.0,206.0,599.0,159.0,254.0,1845.0,76.0,84.0,563.0,25.0,182.0
2016-06-03_8:44:04,261.0,712.0,208.0,586.0,151.0,265.0,1794.0,80.0,84.0,545.0,28.0,179.0
2016-06-03_8:44:09,253.0,722.0,207.0,594.0,146.0,257.0,1808.0,82.0,79.0,555.0,31.0,181.0
2016-06-03_8:44:13,257.0,742.0,205.0,601.0,154.0,249.0,1838.0,79.0,95.0,556.0,34.0,173.0
2016-06-03_8:44:18,258.0,718.0,196.0,590.0,145.0,252.0,1799.0,80.0,84.0,560.0,29.0,176.0
2016-06-03_8:44:22,256.0,712.0,212.0,587.0,150.0,238.0,1777.0,85.0,87.0,556.0,26.0,176.0
2016-06-03_8:44:27,254.0,716.0,202.0,603.0,157.0,248.0,1845.0,85.0,82.0,553.0,19.0,173.0
2016-06-03_8:44:32,257.0,721.0,212.0,589.0,145.0,246.0,1820.0,77.0,80.0,558.0,42.0,183.0
2016-06-03_8:44:36,255.0,717.0,208.0,592.0,154.0,251.0,1840.0,76.0,94.0,556.0,31.0,182.0
2016-06-03_8:44:41,260.0,706.0,202.0,584.0,152.0,245.0,1822.0,82.0,81.0,547.0,32.0,179.0
2016-06-03_8:44:45,257.0,720.0,212.0,600.0,152.0,259.0,1879.0,84.0,93.0,588.0,34.0,182.0
2016-06-03_8:44:50,269.0,744.0,212.0,601.0,161.0,256.0,1932.0,82.0,85.0,609.0,31.0,196.0
2016-06-03_8:44:55,236.0,713.0,205.0,582.0,155.0,245.0,1819.0,80.0,82.0,544.0,28.0,180.0
2016-06-03_8:44:59,249.0,700.0,204.0,586.0,149.0,254.0,1806.0,83.0,83.0,560.0,32.0,183.0
2016-06-03_8:45:04,258.0,704.0,213.0,584.0,154.0,258.0,1835.0,82.0,87.0,561.0,27.0,177.0
2016-06-03_8:45:08,257.0,719.0,209.0,588.0,154.0,255.0,1845.0,82.0,88.0,560.0,36.0,183.0
2016-06-03_8:45:13,242.0,725.0,201.0,584.0,148.0,256.0,1801.0,81.0,78.0,539.0,27.0,176.0
2016-06-03_8:45:17,258.0,713.0,211.0,588.0,152.0,260.0,1864.0,83.0,87.0,563.0,32.0,183.0
2016-06-03_8:45:22,242.0,720.0,196.0,578.0,147.0,249.0,1821.0,80.0,87.0,559.0,35.0,184.0
2016-06-03_8:45:27,242.0,702.0,202.0,590.0,154.0,250.0,1800.0,86.0,83.0,547.0,36.0,175.0
2016-06-03_8:45:31,246.0,704.0,209.0,582.0,143.0,248.0,1826.0,81.0,79.0,550.0,21.0,178.0
2016-06-03_8:45:36,257.0,697.0,201.0,596.0,151.0,248.0,1783.0,80.0,83.0,544.0,9.0,180.0
2016-06-03_8:45:40,261.0,727.0,204.0,589.0,149.0,254.0,1825.0,84.0,84.0,557.0,22.0,175.0
2016-06-03_8:45:45,246.0,707.0,211.0,599.0,145.0,257.0,1844.0,82.0,85.0,561.0,25.0,178.0
2016-06-03_8:45:50,249.0,728.0,210.0,581.0,149.0,243.0,1857.0,87.0,86.0,551.0,22.0,181.0
2016-06-03_8:45:54,260.0,723.0,207.0,597.0,147.0,246.0,1801.0,84.0,79.0,569.0,19.0,181.0
2016-06-03_8:45:59,262.0,713.0,212.0,576.0,153.0,250.0,1863.0,82.0,81.0,564.0,27.0,184.0
2016-06-03_8:46:03,250.0,711.0,206.0,573.0,143.0,252.0,1798.0,90.0,82.0,539.0,22.0,181.0
2016-06-03_8:46:08,243.0,714.0,205.0,572.0,156.0,244.0,1804.0,83.0,86.0,560.0,20.0,182.0
2016-06-03_8:46:13,261.0,715.0,214.0,590.0,156.0,251.0,1856.0,80.0,79.0,565.0,11.0,179.0
2016-06-03_8:46:17,252.0,693.0,200.0,590.0,145.0,244.0,1867.0,82.0,71.0,566.0,7.0,182.0
2016-06-03_8:46:22,242.0,705.0,204.0,580.0,149.0,251.0,1827.0,87.0,78.0,551.0,23.0,182.0
2016-06-03_8:46:26,256.0,722.0,216.0,590.0,159.0,252.0,1887.0,85.0,81.0,582.0,32.0,197.0
2016-06-03_8:46:31,248.0,709.0,201.0,594.0,150.0,258.0,1850.0,89.0,88.0,570.0,29.0,171.0
2016-06-03_8:46:36,251.0,713.0,210.0,582.0,146.0,250.0,1908.0,83.0,79.0,575.0,23.0,181.0
2016-06-03_8:46:40,251.0,698.0,209.0,580.0,143.0,257.0,1782.0,80.0,82.0,549.0,26.0,176.0
2016-06-03_8:46:45,253.0,690.0,211.0,589.0,150.0,246.0,1872.0,86.0,86.0,566.0,25.0,175.0
2016-06-03_8:46:49,255.0,702.0,208.0,581.0,157.0,246.0,1824.0,85.0,79.0,550.0,31.0,178.0
2016-06-03_8:46:54,250.0,702.0,207.0,581.0,154.0,242.0,1831.0,82.0,81.0,551.0,30.0,182.0
2016-06-03_8:46:58,256.0,714.0,210.0,594.0,148.0,254.0,1845.0,84.0,87.0,560.0,26.0,182.0
2016-06-03_8:47:03,256.0,713.0,215.0,586.0,150.0,254.0,1869.0,83.0,73.0,572.0,34.0,188.0
2016-06-03_8:47:08,240.0,692.0,205.0,573.0,146.0,234.0,1802.0,83.0,87.0,557.0,21.0,184.0
2016-06-03_8:47:12,247.0,692.0,210.0,581.0,154.0,246.0,1796.0,86.0,87.0,550.0,30.0,180.0
2016-06-03_8:47:17,256.0,708.0,214.0,586.0,154.0,250.0,1866.0,84.0,72.0,561.0,31.0,192.0
2016-06-03_8:47:21,255.0,699.0,202.0,584.0,143.0,254.0,1809.0,79.0,79.0,550.0,22.0,180.0
2016-06-03_8:47:26,252.0,679.0,203.0,583.0,144.0,241.0,1818.0,75.0,81.0,556.0,19.0,176.0
2016-06-03_8:47:30,246.0,692.0,207.0,563.0,148.0,251.0,1782.0,84.0,80.0,545.0,35.0,182.0
2016-06-03_8:47:35,257.0,693.0,207.0,573.0,155.0,245.0,1827.0,79.0,79.0,547.0,31.0,178.0
2016-06-03_8:47:40,250.0,697.0,213.0,575.0,155.0,247.0,1828.0,79.0,86.0,548.0,18.0,175.0
2016-06-03_8:47:44,257.0,691.0,207.0,588.0,153.0,244.0,1803.0,80.0,91.0,558.0,24.0,171.0
2016-06-03_8:47:49,251.0,701.0,206.0,581.0,151.0,246.0,1827.0,83.0,85.0,559.0,26.0,188.0
2016-06-03_8:47:53,245.0,706.0,206.0,584.0,155.0,252.0,1836.0,85.0,81.0,553.0,28.0,184.0
2016-06-03_8:47:58,252.0,693.0,207.0,581.0,141.0,245.0,1835.0,74.0,84.0,573.0,28.0,188.0
2016-06-03_8:48:02,261.0,682.0,206.0,570.0,156.0,247.0,1819.0,83.0,84.0,550.0,28.0,185.0
2016-06-03_8:48:07,248.0,682.0,199.0,571.0,156.0,235.0,1815.0,74.0,77.0,555.0,34.0,183.0
2016-06-03_8:48:12,249.0,679.0,210.0,578.0,152.0,245.0,1797.0,83.0,82.0,553.0,26.0,183.0
2016-06-03_8:48:16,240.0,677.0,208.0,569.0,140.0,235.0,1775.0,83.0,74.0,524.0,28.0,182.0
2016-06-03_8:48:21,238.0,675.0,198.0,573.0,147.0,243.0,1760.0,81.0,80.0,528.0,33.0,174.0
2016-06-03_8:48:25,246.0,689.0,195.0,573.0,141.0,242.0,1758.0,80.0,84.0,538.0,25.0,171.0
2016-06-03_8:48:30,252.0,703.0,212.0,582.0,151.0,246.0,1805.0,84.0,80.0,547.0,23.0,177.0
2016-06-03_8:48:35,251.0,709.0,211.0,565.0,152.0,233.0,1837.0,79.0,81.0,558.0,29.0,180.0
2016-06-03_8:48:39,261.0,705.0,212.0,574.0,144.0,255.0,1823.0,81.0,79.0,552.0,22.0,187.0
2016-06-03_8:48:44,245.0,697.0,208.0,584.0,157.0,241.0,1885.0,80.0,82.0,564.0,29.0,178.0
2016-06-03_8:48:48,247.0,698.0,201.0,563.0,157.0,248.0,1789.0,84.0,81.0,532.0,24.0,177.0
2016-06-03_8:48:53,238.0,670.0,203.0,566.0,143.0,231.0,1761.0,78.0,79.0,539.0,33.0,177.0
2016-06-03_8:48:58,248.0,698.0,188.0,564.0,154.0,237.0,1792.0,78.0,81.0,566.0,28.0,182.0
2016-06-03_8:49:02,241.0,695.0,199.0,552.0,140.0,233.0,1795.0,83.0,76.0,533.0,32.0,179.0
2016-06-03_8:49:07,240.0,678.0,205.0,546.0,144.0,237.0,1730.0,80.0,73.0,538.0,28.0,171.0
2016-06-03_8:49:11,261.0,667.0,204.0,578.0,142.0,248.0,1770.0,78.0,83.0,559.0,31.0,179.0
2016-06-03_8:49:16,251.0,695.0,210.0,567.0,152.0,236.0,1825.0,82.0,83.0,556.0,20.0,191.0
2016-06-03_8:49:20,250.0,679.0,197.0,555.0,144.0,240.0,1788.0,83.0,73.0,546.0,27.0,178.0
2016-06-03_8:49:25,247.0,668.0,196.0,560.0,145.0,232.0,1759.0,78.0,79.0,527.0,29.0,174.0
2016-06-03_8:49:30,242.0,671.0,214.0,557.0,150.0,246.0,1767.0,80.0,81.0,539.0,28.0,174.0
2016-06-03_8:49:34,251.0,661.0,197.0,559.0,148.0,238.0,1701.0,81.0,76.0,514.0,23.0,171.0
2016-06-03_8:49:39,255.0,680.0,221.0,558.0,147.0,235.0,1803.0,77.0,77.0,540.0,29.0,174.0
2016-06-03_8:49:43,229.0,636.0,196.0,539.0,139.0,228.0,1658.0,74.0,75.0,504.0,22.0,169.0
2016-06-03_8:49:48,246.0,674.0,205.0,559.0,138.0,236.0,1752.0,78.0,82.0,523.0,34.0,175.0
2016-06-03_8:49:53,253.0,690.0,210.0,556.0,146.0,240.0,1806.0,74.0,87.0,537.0,31.0,179.0
2016-06-03_8:49:57,253.0,684.0,204.0,561.0,148.0,239.0,1782.0,81.0,77.0,537.0,18.0,173.0
2016-06-03_8:50:02,247.0,693.0,212.0,571.0,145.0,243.0,1783.0,87.0,80.0,542.0,28.0,179.0
2016-06-03_8:50:06,253.0,679.0,197.0,539.0,149.0,239.0,1803.0,82.0,82.0,539.0,33.0,185.0
2016-06-03_8:50:11,1527.0,2744.0,990.0,2099.0,886.0,1001.0,769.0,508.0,377.0,443.0,139.0,209.0
2016-06-03_8:50:15,1205.0,2247.0,813.0,1723.0,709.0,838.0,620.0,420.0,314.0,381.0,107.0,163.0
2016-06-03_8:50:20,1154.0,2194.0,777.0,1675.0,677.0,799.0,629.0,402.0,294.0,369.0,115.0,155.0
2016-06-03_8:50:25,1024.0,1997.0,684.0,1526.0,606.0,717.0,573.0,345.0,267.0,331.0,103.0,145.0
2016-06-03_8:50:29,1063.0,2139.0,731.0,1631.0,643.0,783.0,608.0,367.0,295.0,353.0,101.0,146.0
2016-06-03_8:50:34,1043.0,2113.0,701.0,1594.0,620.0,757.0,611.0,381.0,277.0,340.0,109.0,149.0
2016-06-03_8:50:38,958.0,1965.0,643.0,1505.0,575.0,714.0,566.0,323.0,259.0,314.0,105.0,142.0
2016-06-03_8:50:43,1209.0,2421.0,805.0,1881.0,721.0,878.0,727.0,424.0,335.0,398.0,109.0,175.0
2016-06-03_8:50:48,1202.0,2435.0,825.0,1884.0,726.0,886.0,706.0,415.0,340.0,390.0,111.0,179.0
2016-06-03_8:50:52,1295.0,2636.0,895.0,2063.0,794.0,973.0,785.0,441.0,364.0,414.0,119.0,194.0
2016-06-03_8:50:57,938.0,1950.0,622.0,1502.0,568.0,721.0,552.0,325.0,261.0,308.0,93.0,144.0
2016-06-03_8:51:01,1234.0,2611.0,853.0,2004.0,759.0,956.0,783.0,439.0,360.0,414.0,119.0,178.0
2016-06-03_8:51:06,1266.0,2597.0,850.0,2029.0,777.0,972.0,786.0,435.0,352.0,434.0,115.0,186.0
2016-06-03_8:51:10,995.0,2079.0,679.0,1622.0,588.0,750.0,614.0,341.0,276.0,323.0,86.0,141.0
2016-06-03_8:51:15,1044.0,2211.0,712.0,1672.0,625.0,807.0,670.0,359.0,295.0,352.0,106.0,150.0
2016-06-03_8:51:20,1267.0,2612.0,865.0,2057.0,774.0,958.0,779.0,450.0,361.0,424.0,109.0,185.0
2016-06-03_8:51:24,954.0,1977.0,640.0,1531.0,587.0,716.0,606.0,330.0,261.0,318.0,87.0,144.0
2016-06-03_8:51:29,1153.0,2403.0,791.0,1880.0,692.0,895.0,756.0,392.0,312.0,384.0,107.0,165.0
2016-06-03_8:51:33,1100.0,2408.0,772.0,1853.0,680.0,869.0,735.0,387.0,320.0,399.0,104.0,172.0
2016-06-03_8:51:38,1219.0,2593.0,839.0,2008.0,739.0,957.0,815.0,422.0,351.0,423.0,114.0,181.0
2016-06-03_8:51:43,1113.0,2375.0,772.0,1821.0,694.0,869.0,743.0,381.0,320.0,385.0,107.0,154.0
2016-06-03_8:51:47,1262.0,2685.0,887.0,2108.0,786.0,992.0,849.0,444.0,363.0,447.0,115.0,191.0
2016-06-03_8:51:52,1160.0,2498.0,808.0,1933.0,726.0,924.0,774.0,410.0,330.0,409.0,104.0,175.0
2016-06-03_8:51:56,1182.0,2512.0,829.0,1963.0,724.0,923.0,832.0,418.0,334.0,408.0,111.0,179.0
2016-06-03_8:52:01,1206.0,2577.0,828.0,2003.0,740.0,954.0,834.0,412.0,343.0,427.0,111.0,184.0
2016-06-03_8:52:05,1221.0,2617.0,845.0,2053.0,754.0,960.0,856.0,441.0,360.0,428.0,114.0,182.0
2016-06-03_8:52:10,1066.0,2292.0,728.0,1785.0,662.0,834.0,742.0,368.0,304.0,386.0,104.0,161.0
2016-06-03_8:52:15,1265.0,2711.0,875.0,2121.0,778.0,996.0,899.0,454.0,361.0,439.0,124.0,193.0
2016-06-03_8:52:19,1226.0,2621.0,862.0,2031.0,771.0,959.0,855.0,433.0,362.0,431.0,108.0,189.0
2016-06-03_8:52:24,1305.0,2790.0,911.0,2186.0,811.0,1022.0,961.0,475.0,375.0,473.0,121.0,190.0
2016-06-03_8:52:28,1131.0,2483.0,779.0,1919.0,710.0,894.0,817.0,392.0,335.0,422.0,111.0,175.0
2016-06-03_8:52:33,1234.0,2648.0,857.0,2069.0,771.0,978.0,867.0,444.0,354.0,439.0,123.0,183.0
2016-06-03_8:52:38,1110.0,2407.0,770.0,1867.0,677.0,878.0,784.0,389.0,311.0,389.0,106.0,171.0
2016-06-03_8:52:42,1104.0,2398.0,772.0,1865.0,699.0,892.0,775.0,389.0,315.0,393.0,101.0,164.0
2016-06-03_8:52:47,1125.0,2432.0,778.0,1920.0,687.0,892.0,839.0,395.0,330.0,415.0,103.0,177.0
2016-06-03_8:52:51,1063.0,2319.0,733.0,1816.0,661.0,850.0,744.0,375.0,312.0,377.0,105.0,166.0
2016-06-03_8:52:56,1191.0,2516.0,813.0,1973.0,705.0,931.0,846.0,398.0,331.0,421.0,109.0,177.0
2016-06-03_8:53:00,1146.0,2470.0,777.0,1924.0,718.0,898.0,814.0,399.0,325.0,419.0,104.0,172.0
2016-06-03_8:53:05,1162.0,2590.0,834.0,2019.0,716.0,944.0,930.0,418.0,346.0,448.0,102.0,185.0
2016-06-03_8:53:10,1232.0,2669.0,849.0,2084.0,752.0,971.0,896.0,430.0,358.0,447.0,106.0,193.0
2016-06-03_8:53:14,1294.0,2792.0,898.0,2220.0,801.0,1049.0,1036.0,460.0,377.0,498.0,125.0,206.0
2016-06-03_8:53:19,1240.0,2651.0,850.0,2111.0,761.0,983.0,910.0,428.0,350.0,452.0,108.0,186.0
2016-06-03_8:53:23,1268.0,2831.0,909.0,2236.0,798.0,1055.0,1066.0,452.0,371.0,505.0,110.0,206.0
2016-06-03_8:53:28,1201.0,2682.0,847.0,2098.0,740.0,994.0,993.0,427.0,355.0,470.0,119.0,198.0
2016-06-03_8:53:33,1263.0,2802.0,898.0,2156.0,789.0,1024.0,1018.0,448.0,376.0,488.0,107.0,195.0
2016-06-03_8:53:37,1311.0,2886.0,935.0,2269.0,809.0,1066.0,1105.0,465.0,382.0,513.0,112.0,221.0
2016-06-03_8:53:42,1371.0,2979.0,974.0,2343.0,845.0,1123.0,1130.0,471.0,400.0,533.0,121.0,215.0
2016-06-03_8:53:46,1211.0,2665.0,854.0,2099.0,752.0,984.0,951.0,424.0,349.0,459.0,111.0,194.0
2016-06-03_8:53:51,1163.0,2593.0,822.0,2037.0,723.0,952.0,934.0,414.0,358.0,452.0,98.0,193.0
2016-06-03_8:53:55,1275.0,2851.0,932.0,2258.0,818.0,1037.0,1150.0,470.0,370.0,522.0,119.0,212.0
2016-06-03_8:54:00,1164.0,2577.0,821.0,2031.0,730.0,953.0,1008.0,404.0,341.0,463.0,105.0,189.0
2016-06-03_8:54:05,1320.0,2883.0,946.0,2307.0,822.0,1097.0,1188.0,466.0,383.0,537.0,112.0,220.0
2016-06-03_8:54:09,1243.0,2805.0,877.0,2197.0,782.0,1030.0,1076.0,443.0,367.0,493.0,115.0,205.0
2016-06-03_8:54:14,1258.0,2800.0,890.0,2208.0,791.0,1030.0,1096.0,440.0,383.0,509.0,111.0,207.0
2016-06-03_8:54:18,1340.0,2922.0,960.0,2321.0,834.0,1107.0,1211.0,469.0,392.0,546.0,104.0,221.0
2016-06-03_8:54:23,1301.0,2925.0,941.0,2315.0,806.0,1080.0,1215.0,462.0,383.0,546.0,123.0,219.0
2016-06-03_8:54:27,1289.0,2827.0,919.0,2237.0,803.0,1046.0,1173.0,447.0,383.0,527.0,118.0,211.0
2016-06-03_8:54:32,1372.0,3021.0,972.0,2377.0,853.0,1127.0,1272.0,477.0,403.0,562.0,113.0,232.0
2016-06-03_8:54:37,1355.0,2938.0,975.0,2306.0,844.0,1104.0,1252.0,474.0,392.0,552.0,114.0,222.0
2016-06-03_8:54:41,1255.0,2762.0,893.0,2179.0,772.0,1020.0,1076.0,446.0,363.0,498.0,105.0,201.0
2016-06-03_8:54:46,1360.0,3007.0,974.0,2355.0,847.0,1134.0,1295.0,492.0,383.0,581.0,114.0,234.0
2016-06-03_8:54:50,1336.0,2975.0,970.0,2337.0,834.0,1115.0,1192.0,483.0,398.0,556.0,120.0,220.0
2016-06-03_8:54:55,1062.0,2367.0,773.0,1876.0,668.0,891.0,936.0,382.0,311.0,432.0,96.0,176.0
2016-06-03_8:54:59,1295.0,2869.0,932.0,2235.0,828.0,1061.0,1084.0,466.0,393.0,521.0,118.0,211.0
2016-06-03_8:55:04,1114.0,2498.0,786.0,1949.0,679.0,927.0,872.0,408.0,330.0,425.0,101.0,188.0
2016-06-03_8:55:09,1274.0,2805.0,887.0,2201.0,790.0,1017.0,1035.0,449.0,369.0,491.0,116.0,205.0
2016-06-03_8:55:13,1141.0,2507.0,802.0,1954.0,716.0,913.0,886.0,401.0,343.0,436.0,101.0,183.0
2016-06-03_8:55:18,1077.0,2369.0,776.0,1843.0,676.0,888.0,829.0,386.0,312.0,405.0,106.0,175.0
2016-06-03_8:55:22,1144.0,2508.0,825.0,1971.0,707.0,920.0,885.0,415.0,328.0,425.0,102.0,186.0
2016-06-03_8:55:27,1230.0,2678.0,862.0,2087.0,757.0,989.0,934.0,439.0,368.0,453.0,121.0,192.0
2016-06-03_8:55:32,1148.0,2536.0,808.0,1973.0,698.0,914.0,898.0,412.0,338.0,427.0,106.0,182.0
2016-06-03_8:55:36,1136.0,2526.0,795.0,1979.0,703.0,939.0,902.0,407.0,338.0,431.0,111.0,180.0
2016-06-03_8:55:41,1203.0,2614.0,842.0,2051.0,741.0,971.0,913.0,430.0,349.0,454.0,106.0,190.0
2016-06-03_8:55:45,1273.0,2832.0,922.0,2232.0,800.0,1056.0,1181.0,452.0,387.0,546.0,114.0,217.0
2016-06-03_8:55:50,1239.0,2680.0,872.0,2095.0,763.0,998.0,975.0,438.0,367.0,475.0,109.0,206.0
2016-06-03_8:55:54,1323.0,2865.0,926.0,2222.0,805.0,1057.0,1104.0,469.0,375.0,517.0,114.0,220.0
2016-06-03_8:55:59,1235.0,2748.0,893.0,2166.0,771.0,1010.0,1087.0,433.0,369.0,492.0,116.0,208.0
2016-06-03_8:56:04,1206.0,2715.0,881.0,2144.0,762.0,998.0,1096.0,437.0,370.0,499.0,106.0,218.0
2016-06-03_8:56:08,1171.0,2610.0,852.0,2066.0,740.0,966.0,979.0,408.0,360.0,463.0,108.0,197.0
2016-06-03_8:56:13,1240.0,2661.0,880.0,2076.0,761.0,987.0,949.0,426.0,353.0,474.0,111.0,195.0
2016-06-03_8:56:17,1120.0,2503.0,782.0,1967.0,698.0,923.0,973.0,403.0,327.0,464.0,103.0,191.0
2016-06-03_8:56:22,1286.0,2833.0,927.0,2214.0,796.0,1062.0,1139.0,452.0,377.0,522.0,117.0,218.0
2016-06-03_8:56:27,1188.0,2680.0,860.0,2136.0,752.0,982.0,1175.0,415.0,362.0,516.0,111.0,209.0
2016-06-03_8:56:31,1313.0,2940.0,951.0,2287.0,825.0,1093.0,1286.0,459.0,397.0,568.0,120.0,234.0
2016-06-03_8:56:36,1297.0,2887.0,925.0,2263.0,807.0,1067.0,1259.0,456.0,381.0,567.0,123.0,237.0
2016-06-03_8:56:40,1274.0,2828.0,904.0,2247.0,800.0,1061.0,1180.0,458.0,385.0,536.0,111.0,221.0
2016-06-03_8:56:45,1169.0,2627.0,839.0,2085.0,726.0,966.0,1073.0,416.0,350.0,489.0,104.0,194.0
2016-06-03_8:56:49,1147.0,2611.0,848.0,2063.0,735.0,979.0,1065.0,427.0,354.0,487.0,106.0,200.0
2016-06-03_8:56:54,1205.0,2689.0,844.0,2142.0,748.0,988.0,1074.0,425.0,360.0,498.0,109.0,202.0
2016-06-03_8:56:59,1144.0,2522.0,797.0,1994.0,696.0,935.0,1022.0,402.0,322.0,473.0,108.0,194.0
2016-06-03_8:57:03,1252.0,2733.0,893.0,2145.0,771.0,1003.0,1151.0,435.0,368.0,528.0,109.0,215.0
2016-06-03_8:57:08,1086.0,2466.0,791.0,1929.0,691.0,895.0,962.0,384.0,331.0,443.0,100.0,200.0
2016-06-03_8:57:12,1314.0,2845.0,941.0,2218.0,801.0,1066.0,1109.0,460.0,375.0,527.0,114.0,223.0
2016-06-03_8:57:17,1165.0,2650.0,848.0,2083.0,737.0,968.0,1118.0,420.0,351.0,508.0,117.0,213.0
2016-06-03_8:57:21,1115.0,2510.0,810.0,1979.0,702.0,909.0,1047.0,386.0,334.0,465.0,100.0,196.0
2016-06-03_8:57:26,1198.0,2679.0,856.0,2123.0,739.0,981.0,1095.0,414.0,358.0,510.0,103.0,205.0
2016-06-03_8:57:31,1199.0,2737.0,876.0,2152.0,755.0,1017.0,1066.0,428.0,371.0,497.0,113.0,219.0
2016-06-03_8:57:35,1318.0,2916.0,956.0,2273.0,838.0,1078.0,1205.0,473.0,391.0,542.0,116.0,217.0
2016-06-03_8:57:40,1169.0,2670.0,846.0,2121.0,743.0,998.0,1139.0,419.0,361.0,512.0,113.0,213.0
2016-06-03_8:57:44,1145.0,2541.0,828.0,2023.0,722.0,936.0,1042.0,408.0,327.0,486.0,98.0,200.0
2016-06-03_8:57:49,1085.0,2462.0,769.0,1902.0,675.0,888.0,899.0,381.0,323.0,416.0,101.0,192.0
2016-06-03_8:57:54,1034.0,2334.0,741.0,1821.0,639.0,860.0,884.0,371.0,305.0,406.0,91.0,175.0
2016-06-03_8:57:58,1110.0,2414.0,788.0,1903.0,687.0,872.0,924.0,382.0,335.0,443.0,108.0,190.0
2016-06-03_8:58:03,1131.0,2525.0,787.0,1961.0,701.0,925.0,937.0,407.0,334.0,424.0,111.0,187.0
2016-06-03_8:58:07,1205.0,2704.0,876.0,2119.0,771.0,995.0,1109.0,424.0,360.0,501.0,120.0,214.0
2016-06-03_8:58:12,1283.0,2838.0,921.0,2257.0,796.0,1068.0,1286.0,457.0,381.0,553.0,116.0,226.0
2016-06-03_8:58:16,1375.0,3048.0,1025.0,2426.0,860.0,1119.0,1510.0,485.0,405.0,649.0,120.0,266.0
2016-06-03_8:58:21,1066.0,2403.0,773.0,1897.0,670.0,872.0,934.0,376.0,321.0,445.0,112.0,189.0
2016-06-03_8:58:26,1222.0,2774.0,913.0,2201.0,771.0,1026.0,1253.0,435.0,361.0,572.0,127.0,231.0
2016-06-03_8:58:30,1194.0,2720.0,865.0,2140.0,757.0,997.0,1235.0,424.0,353.0,540.0,105.0,222.0
2016-06-03_8:58:35,1172.0,2664.0,858.0,2105.0,725.0,983.0,1208.0,426.0,353.0,522.0,114.0,219.0
2016-06-03_8:58:39,1171.0,2710.0,861.0,2114.0,743.0,1002.0,1162.0,420.0,349.0,508.0,111.0,218.0
2016-06-03_8:58:44,1203.0,2773.0,900.0,2182.0,760.0,1018.0,1283.0,429.0,359.0,553.0,108.0,222.0
2016-06-03_8:58:49,1285.0,2908.0,972.0,2305.0,809.0,1098.0,1500.0,459.0,397.0,632.0,123.0,254.0
2016-06-03_8:58:53,1216.0,2776.0,882.0,2159.0,774.0,1009.0,1205.0,452.0,377.0,540.0,116.0,221.0
2016-06-03_8:58:58,1147.0,2647.0,876.0,2121.0,755.0,988.0,1247.0,425.0,363.0,548.0,113.0,221.0
2016-06-03_8:59:02,1232.0,2783.0,893.0,2185.0,771.0,1039.0,1315.0,435.0,369.0,569.0,108.0,221.0
2016-06-03_8:59:07,1222.0,2799.0,895.0,2183.0,775.0,1032.0,1337.0,443.0,371.0,575.0,108.0,230.0
2016-06-03_8:59:11,1246.0,2795.0,924.0,2217.0,793.0,1046.0,1263.0,442.0,374.0,563.0,109.0,233.0
2016-06-03_8:59:16,1200.0,2703.0,886.0,2160.0,761.0,1011.0,1298.0,437.0,360.0,549.0,119.0,234.0
2016-06-03_8:59:21,1105.0,2586.0,832.0,2016.0,704.0,966.0,1174.0,396.0,338.0,514.0,107.0,209.0
2016-06-03_8:59:25,1191.0,2688.0,871.0,2143.0,751.0,996.0,1194.0,429.0,364.0,519.0,118.0,219.0
2016-06-03_8:59:30,1131.0,2613.0,852.0,2026.0,710.0,951.0,1279.0,398.0,343.0,548.0,115.0,229.0
2016-06-03_8:59:34,1194.0,2726.0,887.0,2133.0,754.0,1009.0,1255.0,430.0,362.0,530.0,112.0,233.0
2016-06-03_8:59:39,1152.0,2567.0,821.0,2050.0,716.0,951.0,1043.0,402.0,347.0,480.0,114.0,202.0
2016-06-03_8:59:43,1212.0,2760.0,895.0,2149.0,768.0,1027.0,1274.0,430.0,373.0,554.0,120.0,221.0
2016-06-03_8:59:48,1262.0,2795.0,906.0,2201.0,797.0,1035.0,1169.0,453.0,384.0,534.0,136.0,222.0
2016-06-03_8:59:53,1302.0,2942.0,984.0,2343.0,825.0,1084.0,1615.0,464.0,398.0,644.0,130.0,262.0
2016-06-03_8:59:57,1223.0,2760.0,883.0,2198.0,763.0,1015.0,1203.0,444.0,366.0,542.0,128.0,224.0
2016-06-03_9:00:02,1117.0,2589.0,823.0,2022.0,709.0,933.0,1188.0,394.0,333.0,524.0,108.0,214.0
2016-06-03_9:00:06,286.0,795.0,235.0,659.0,174.0,292.0,2633.0,92.0,83.0,797.0,33.0,265.0
2016-06-03_9:00:11,302.0,696.0,241.0,570.0,167.0,243.0,1185.0,93.0,95.0,379.0,34.0,145.0
2016-06-03_9:00:15,258.0,612.0,210.0,504.0,142.0,214.0,1233.0,86.0,80.0,385.0,36.0,145.0
2016-06-03_9:00:20,272.0,633.0,221.0,515.0,155.0,227.0,1217.0,83.0,81.0,381.0,42.0,139.0
2016-06-03_9:00:25,250.0,580.0,207.0,477.0,141.0,210.0,1320.0,83.0,70.0,421.0,31.0,143.0
2016-06-03_9:00:29,252.0,583.0,204.0,473.0,146.0,206.0,1215.0,79.0,72.0,373.0,38.0,135.0
2016-06-03_9:00:34,225.0,525.0,191.0,455.0,129.0,195.0,1325.0,66.0,55.0,399.0,24.0,141.0
2016-06-03_9:00:38,206.0,482.0,180.0,418.0,117.0,166.0,1454.0,66.0,68.0,440.0,25.0,147.0
2016-06-03_9:00:43,245.0,544.0,198.0,481.0,132.0,196.0,1277.0,70.0,69.0,404.0,19.0,140.0
2016-06-03_9:00:47,194.0,480.0,184.0,418.0,118.0,174.0,1458.0,62.0,57.0,440.0,22.0,153.0
2016-06-03_9:00:52,219.0,539.0,191.0,444.0,124.0,177.0,1382.0,74.0,66.0,421.0,28.0,142.0
2016-06-03_9:00:56,198.0,471.0,177.0,411.0,113.0,163.0,1453.0,59.0,61.0,442.0,17.0,153.0
2016-06-03_9:01:01,194.0,465.0,174.0,403.0,109.0,165.0,1479.0,57.0,59.0,454.0,21.0,155.0
2016-06-03_9:01:06,240.0,541.0,201.0,460.0,129.0,200.0,1359.0,71.0,70.0,418.0,26.0,153.0
2016-06-03_9:01:10,221.0,491.0,183.0,426.0,121.0,171.0,1405.0,68.0,58.0,422.0,21.0,150.0
2016-06-03_9:01:15,195.0,479.0,183.0,396.0,107.0,159.0,1491.0,65.0,59.0,455.0,22.0,148.0
2016-06-03_9:01:19,243.0,556.0,220.0,477.0,139.0,202.0,1440.0,75.0,68.0,442.0,23.0,147.0
2016-06-03_9:01:24,251.0,566.0,216.0,476.0,136.0,200.0,1373.0,80.0,71.0,420.0,21.0,158.0
2016-06-03_9:01:29,234.0,545.0,211.0,452.0,125.0,201.0,1433.0,75.0,66.0,439.0,16.0,155.0
2016-06-03_9:01:33,206.0,485.0,187.0,415.0,105.0,178.0,1524.0,69.0,57.0,449.0,25.0,161.0
2016-06-03_9:01:38,227.0,524.0,195.0,442.0,118.0,181.0,1416.0,69.0,60.0,430.0,18.0,151.0
2016-06-03_9:01:42,200.0,501.0,186.0,413.0,117.0,170.0,1412.0,67.0,59.0,424.0,24.0,149.0
2016-06-03_9:01:47,211.0,496.0,188.0,425.0,119.0,173.0,1449.0,67.0,59.0,447.0,16.0,153.0
2016-06-03_9:01:51,224.0,495.0,182.0,431.0,117.0,173.0,1449.0,69.0,62.0,448.0,22.0,147.0
2016-06-03_9:01:56,209.0,490.0,183.0,421.0,115.0,177.0,1468.0,72.0,68.0,451.0,24.0,150.0
2016-06-03_9:02:01,254.0,578.0,221.0,493.0,139.0,205.0,1417.0,82.0,79.0,431.0,22.0,157.0
2016-06-03_9:02:05,216.0,505.0,186.0,420.0,127.0,170.0,1403.0,72.0,65.0,423.0,26.0,147.0
2016-06-03_9:02:10,232.0,553.0,208.0,460.0,140.0,199.0,1473.0,76.0,68.0,453.0,24.0,159.0
2016-06-03_9:02:14,211.0,497.0,187.0,430.0,126.0,182.0,1471.0,67.0,55.0,452.0,22.0,158.0
2016-06-03_9:02:19,215.0,508.0,193.0,438.0,121.0,183.0,1497.0,75.0,67.0,452.0,21.0,152.0
2016-06-03_9:02:23,204.0,480.0,180.0,410.0,108.0,170.0,1470.0,64.0,62.0,439.0,21.0,150.0
2016-06-03_9:02:28,233.0,539.0,203.0,450.0,129.0,184.0,1509.0,69.0,60.0,459.0,16.0,163.0
2016-06-03_9:02:33,217.0,503.0,190.0,438.0,119.0,179.0,1494.0,63.0,68.0,444.0,22.0,172.0
2016-06-03_9:02:37,209.0,493.0,181.0,415.0,108.0,179.0,1534.0,66.0,61.0,461.0,15.0,151.0
2016-06-03_9:02:42,226.0,534.0,199.0,458.0,125.0,196.0,1474.0,80.0,70.0,444.0,26.0,151.0
2016-06-03_9:02:46,225.0,536.0,207.0,440.0,125.0,186.0,1463.0,72.0,69.0,444.0,23.0,152.0
2016-06-03_9:02:51,202.0,486.0,193.0,424.0,118.0,180.0,1538.0,67.0,59.0,454.0,25.0,150.0
2016-06-03_9:02:56,203.0,477.0,186.0,418.0,116.0,174.0,1499.0,63.0,58.0,457.0,15.0,159.0
2016-06-03_9:03:00,211.0,468.0,178.0,410.0,113.0,168.0,1505.0,61.0,55.0,448.0,33.0,158.0
2016-06-03_9:03:05,216.0,514.0,199.0,429.0,126.0,173.0,1397.0,66.0,57.0,438.0,18.0,154.0
2016-06-03_9:03:09,249.0,564.0,214.0,467.0,134.0,204.0,1493.0,79.0,77.0,466.0,16.0,162.0
2016-06-03_9:03:14,210.0,501.0,192.0,418.0,124.0,177.0,1516.0,64.0,63.0,452.0,22.0,155.0
2016-06-03_9:03:18,205.0,487.0,189.0,415.0,116.0,171.0,1425.0,66.0,66.0,439.0,23.0,148.0
2016-06-03_9:03:23,227.0,534.0,210.0,446.0,125.0,186.0,1529.0,68.0,67.0,456.0,31.0,159.0
2016-06-03_9:03:28,245.0,558.0,212.0,470.0,137.0,200.0,1431.0,76.0,73.0,448.0,29.0,153.0
2016-06-03_9:03:32,231.0,550.0,212.0,465.0,130.0,192.0,1448.0,70.0,64.0,442.0,22.0,156.0
2016-06-03_9:03:37,209.0,497.0,183.0,418.0,119.0,178.0,1505.0,61.0,63.0,460.0,13.0,164.0
2016-06-03_9:03:41,206.0,498.0,180.0,426.0,115.0,172.0,1493.0,69.0,61.0,458.0,24.0,148.0
2016-06-03_9:03:46,255.0,564.0,215.0,470.0,134.0,201.0,1465.0,79.0,67.0,452.0,27.0,155.0
2016-06-03_9:03:50,224.0,538.0,205.0,453.0,121.0,198.0,1515.0,73.0,67.0,462.0,27.0,166.0
2016-06-03_9:03:55,210.0,497.0,184.0,399.0,115.0,174.0,1526.0,67.0,67.0,471.0,21.0,162.0
2016-06-03_9:04:00,219.0,497.0,187.0,429.0,114.0,178.0,1508.0,67.0,58.0,465.0,18.0,164.0
2016-06-03_9:04:04,213.0,503.0,186.0,432.0,124.0,177.0,1491.0,72.0,71.0,458.0,14.0,157.0
2016-06-03_9:04:09,221.0,525.0,204.0,439.0,127.0,197.0,1475.0,78.0,65.0,455.0,27.0,154.0
2016-06-03_9:04:13,221.0,501.0,192.0,429.0,114.0,186.0,1463.0,72.0,67.0,443.0,24.0,155.0
2016-06-03_9:04:18,217.0,510.0,203.0,438.0,124.0,185.0,1479.0,71.0,64.0,455.0,30.0,155.0
2016-06-03_9:04:22,252.0,580.0,224.0,475.0,138.0,209.0,1529.0,79.0,70.0,470.0,21.0,163.0
2016-06-03_9:04:27,224.0,530.0,201.0,446.0,122.0,188.0,1448.0,74.0,61.0,450.0,22.0,156.0
2016-06-03_9:04:32,212.0,503.0,187.0,420.0,116.0,175.0,1520.0,72.0,62.0,452.0,21.0,161.0
2016-06-03_9:04:36,219.0,510.0,201.0,440.0,132.0,179.0,1537.0,66.0,57.0,475.0,17.0,160.0
2016-06-03_9:04:41,219.0,516.0,194.0,427.0,120.0,183.0,1500.0,71.0,62.0,445.0,20.0,164.0
2016-06-03_9:04:45,259.0,580.0,218.0,474.0,142.0,199.0,1443.0,81.0,65.0,453.0,26.0,155.0
2016-06-03_9:04:50,247.0,555.0,225.0,470.0,137.0,196.0,1515.0,77.0,71.0,462.0,35.0,158.0
2016-06-03_9:04:55,236.0,551.0,220.0,472.0,129.0,189.0,1450.0,72.0,65.0,443.0,28.0,162.0
2016-06-03_9:04:59,230.0,537.0,200.0,456.0,128.0,186.0,1494.0,71.0,69.0,470.0,22.0,163.0
2016-06-03_9:05:04,231.0,519.0,202.0,444.0,121.0,185.0,1521.0,74.0,61.0,463.0,21.0,171.0
2016-06-03_9:05:08,213.0,496.0,192.0,423.0,120.0,182.0,1413.0,72.0,58.0,431.0,17.0,155.0
2016-06-03_9:05:13,242.0,560.0,212.0,464.0,127.0,188.0,1467.0,76.0,67.0,447.0,22.0,158.0
2016-06-03_9:05:17,227.0,555.0,212.0,460.0,130.0,187.0,1532.0,74.0,63.0,466.0,27.0,169.0
2016-06-03_9:05:22,213.0,510.0,187.0,421.0,122.0,180.0,1497.0,68.0,56.0,448.0,29.0,158.0
2016-06-03_9:05:27,207.0,491.0,189.0,423.0,120.0,169.0,1548.0,72.0,63.0,463.0,23.0,165.0
2016-06-03_9:05:31,231.0,513.0,207.0,435.0,124.0,181.0,1455.0,73.0,58.0,453.0,30.0,153.0
2016-06-03_9:05:36,267.0,596.0,225.0,481.0,148.0,210.0,1455.0,81.0,74.0,439.0,34.0,166.0
2016-06-03_9:05:40,237.0,525.0,206.0,460.0,126.0,189.0,1549.0,71.0,61.0,478.0,27.0,173.0
2016-06-03_9:05:45,206.0,496.0,190.0,419.0,117.0,178.0,1528.0,65.0,66.0,467.0,12.0,164.0
2016-06-03_9:05:50,217.0,514.0,203.0,428.0,123.0,184.0,1508.0,70.0,60.0,466.0,24.0,156.0
2016-06-03_9:05:54,258.0,608.0,232.0,494.0,142.0,212.0,1505.0,86.0,74.0,450.0,27.0,174.0
2016-06-03_9:05:59,221.0,515.0,187.0,436.0,112.0,185.0,1436.0,72.0,64.0,435.0,21.0,151.0
2016-06-03_9:06:03,250.0,573.0,212.0,477.0,139.0,211.0,1500.0,84.0,70.0,451.0,27.0,157.0
2016-06-03_9:06:08,223.0,512.0,194.0,421.0,120.0,170.0,1459.0,69.0,63.0,439.0,29.0,157.0
2016-06-03_9:06:12,237.0,538.0,212.0,477.0,134.0,195.0,1528.0,73.0,73.0,471.0,22.0,159.0
2016-06-03_9:06:17,219.0,513.0,187.0,440.0,124.0,185.0,1445.0,65.0,63.0,443.0,25.0,155.0
2016-06-03_9:06:22,234.0,547.0,225.0,470.0,136.0,188.0,1508.0,76.0,68.0,462.0,24.0,158.0
2016-06-03_9:06:26,235.0,534.0,192.0,447.0,120.0,188.0,1395.0,76.0,64.0,427.0,17.0,150.0
2016-06-03_9:06:31,243.0,542.0,204.0,456.0,122.0,201.0,1393.0,74.0,65.0,424.0,25.0,156.0
2016-06-03_9:06:35,202.0,483.0,189.0,425.0,123.0,170.0,1505.0,72.0,57.0,454.0,22.0,159.0
2016-06-03_9:06:40,217.0,515.0,194.0,440.0,131.0,179.0,1417.0,71.0,63.0,431.0,24.0,148.0
2016-06-03_9:06:44,243.0,559.0,219.0,474.0,132.0,206.0,1533.0,72.0,69.0,463.0,11.0,163.0
2016-06-03_9:06:49,213.0,513.0,190.0,418.0,123.0,178.0,1451.0,65.0,64.0,440.0,19.0,154.0
2016-06-03_9:06:54,236.0,553.0,203.0,457.0,125.0,196.0,1513.0,75.0,69.0,461.0,22.0,155.0
2016-06-03_9:06:58,276.0,608.0,231.0,520.0,148.0,221.0,1516.0,86.0,78.0,476.0,29.0,166.0
2016-06-03_9:07:03,255.0,584.0,216.0,506.0,149.0,213.0,1499.0,86.0,78.0,457.0,29.0,162.0
2016-06-03_9:07:07,259.0,604.0,231.0,498.0,147.0,204.0,1453.0,76.0,74.0,442.0,20.0,155.0
2016-06-03_9:07:12,220.0,492.0,191.0,426.0,117.0,173.0,1509.0,72.0,66.0,442.0,15.0,162.0
2016-06-03_9:07:17,233.0,520.0,204.0,442.0,120.0,192.0,1441.0,83.0,67.0,438.0,21.0,149.0
2016-06-03_9:07:21,245.0,564.0,210.0,479.0,138.0,200.0,1404.0,71.0,75.0,439.0,29.0,155.0
2016-06-03_9:07:26,237.0,522.0,192.0,434.0,122.0,185.0,1499.0,68.0,63.0,450.0,15.0,160.0
2016-06-03_9:07:30,204.0,503.0,191.0,417.0,113.0,164.0,1492.0,68.0,56.0,457.0,19.0,153.0
2016-06-03_9:07:35,251.0,582.0,231.0,487.0,144.0,206.0,1549.0,82.0,79.0,483.0,20.0,178.0
2016-06-03_9:07:39,233.0,537.0,199.0,448.0,129.0,195.0,1465.0,75.0,69.0,439.0,22.0,159.0
2016-06-03_9:07:44,266.0,607.0,232.0,502.0,139.0,218.0,1489.0,88.0,73.0,466.0,29.0,160.0
2016-06-03_9:07:49,245.0,560.0,228.0,480.0,143.0,208.0,1469.0,79.0,64.0,450.0,28.0,164.0
2016-06-03_9:07:53,242.0,561.0,211.0,479.0,136.0,197.0,1405.0,76.0,70.0,425.0,24.0,154.0
2016-06-03_9:07:58,270.0,610.0,235.0,510.0,155.0,217.0,1458.0,85.0,76.0,467.0,32.0,162.0
2016-06-03_9:08:02,262.0,584.0,237.0,496.0,142.0,213.0,1566.0,81.0,69.0,480.0,20.0,169.0
2016-06-03_9:08:07,241.0,537.0,205.0,448.0,128.0,180.0,1376.0,76.0,64.0,432.0,29.0,159.0
2016-06-03_9:08:11,247.0,577.0,211.0,475.0,131.0,203.0,1413.0,76.0,72.0,443.0,28.0,155.0
2016-06-03_9:08:16,272.0,591.0,233.0,497.0,148.0,209.0,1460.0,80.0,77.0,451.0,29.0,173.0
2016-06-03_9:08:21,249.0,582.0,216.0,476.0,134.0,201.0,1430.0,85.0,62.0,462.0,20.0,153.0
2016-06-03_9:08:25,238.0,545.0,210.0,468.0,134.0,195.0,1465.0,79.0,67.0,444.0,25.0,157.0
2016-06-03_9:08:30,208.0,484.0,186.0,438.0,123.0,175.0,1455.0,77.0,64.0,443.0,19.0,154.0
2016-06-03_9:08:34,227.0,545.0,205.0,445.0,126.0,178.0,1493.0,77.0,62.0,457.0,28.0,157.0
2016-06-03_9:08:39,242.0,554.0,202.0,464.0,130.0,197.0,1499.0,74.0,72.0,466.0,27.0,163.0
2016-06-03_9:08:44,203.0,515.0,196.0,431.0,116.0,174.0,1471.0,59.0,53.0,440.0,24.0,157.0
2016-06-03_9:08:48,231.0,546.0,211.0,451.0,130.0,192.0,1406.0,76.0,70.0,442.0,22.0,151.0
2016-06-03_9:08:53,255.0,584.0,224.0,486.0,141.0,204.0,1446.0,85.0,77.0,444.0,23.0,157.0
2016-06-03_9:08:57,227.0,530.0,212.0,447.0,129.0,192.0,1417.0,74.0,59.0,441.0,18.0,145.0
2016-06-03_9:09:02,220.0,531.0,202.0,448.0,131.0,183.0,1483.0,68.0,60.0,443.0,30.0,158.0
2016-06-03_9:09:06,267.0,611.0,243.0,511.0,153.0,217.0,1478.0,83.0,78.0,447.0,30.0,171.0
2016-06-03_9:09:11,241.0,541.0,207.0,462.0,134.0,196.0,1511.0,74.0,63.0,484.0,24.0,170.0
2016-06-03_9:09:16,220.0,528.0,196.0,440.0,121.0,188.0,1415.0,72.0,62.0,429.0,21.0,153.0
2016-06-03_9:09:20,215.0,521.0,198.0,444.0,117.0,183.0,1445.0,79.0,67.0,453.0,21.0,155.0
2016-06-03_9:09:25,234.0,532.0,207.0,456.0,130.0,185.0,1479.0,72.0,63.0,470.0,27.0,158.0
2016-06-03_9:09:29,225.0,547.0,209.0,439.0,131.0,193.0,1549.0,74.0,67.0,466.0,28.0,175.0
2016-06-03_9:09:34,247.0,583.0,229.0,486.0,142.0,198.0,1487.0,86.0,76.0,476.0,27.0,162.0
2016-06-03_9:09:38,251.0,572.0,229.0,480.0,140.0,201.0,1463.0,78.0,63.0,449.0,25.0,162.0
2016-06-03_9:09:43,240.0,542.0,208.0,460.0,131.0,187.0,1429.0,72.0,75.0,456.0,16.0,160.0
2016-06-03_9:09:48,231.0,545.0,210.0,453.0,124.0,181.0,1506.0,71.0,69.0,473.0,22.0,158.0
2016-06-03_9:09:53,230.0,536.0,206.0,455.0,122.0,190.0,1469.0,73.0,66.0,457.0,22.0,156.0
2016-06-03_9:09:58,271.0,617.0,236.0,520.0,153.0,210.0,1483.0,93.0,83.0,470.0,32.0,171.0
2016-06-03_9:10:02,286.0,624.0,253.0,531.0,158.0,224.0,1557.0,93.0,71.0,482.0,27.0,173.0
2016-06-03_9:10:07,228.0,536.0,203.0,450.0,127.0,184.0,1408.0,78.0,71.0,442.0,19.0,155.0
2016-06-03_9:10:12,1055.0,2078.0,740.0,1597.0,640.0,768.0,813.0,371.0,287.0,401.0,103.0,186.0
2016-06-03_9:10:16,1010.0,2027.0,704.0,1563.0,592.0,746.0,789.0,350.0,274.0,386.0,100.0,182.0
2016-06-03_9:10:21,883.0,1807.0,630.0,1369.0,543.0,645.0,702.0,316.0,245.0,348.0,85.0,161.0
2016-06-03_9:10:25,931.0,1930.0,659.0,1496.0,572.0,698.0,726.0,334.0,266.0,370.0,95.0,166.0
2016-06-03_9:10:30,952.0,1918.0,659.0,1486.0,573.0,709.0,743.0,332.0,262.0,359.0,89.0,171.0
2016-06-03_9:10:35,936.0,1968.0,653.0,1524.0,571.0,732.0,778.0,338.0,285.0,377.0,97.0,166.0
2016-06-03_9:10:39,907.0,1935.0,654.0,1515.0,575.0,708.0,757.0,330.0,264.0,376.0,86.0,177.0
2016-06-03_9:10:44,915.0,1933.0,667.0,1531.0,578.0,722.0,750.0,329.0,265.0,369.0,93.0,177.0
2016-06-03_9:10:48,845.0,1784.0,599.0,1384.0,520.0,671.0,692.0,303.0,243.0,336.0,73.0,162.0
2016-06-03_9:10:53,790.0,1670.0,571.0,1297.0,486.0,606.0,633.0,296.0,238.0,316.0,80.0,149.0
2016-06-03_9:10:57,882.0,1880.0,624.0,1458.0,556.0,698.0,721.0,324.0,267.0,347.0,91.0,166.0
2016-06-03_9:11:02,882.0,1929.0,641.0,1515.0,550.0,718.0,722.0,332.0,270.0,368.0,99.0,169.0
2016-06-03_9:11:07,937.0,1986.0,667.0,1554.0,579.0,745.0,750.0,338.0,281.0,380.0,90.0,172.0
2016-06-03_9:11:11,922.0,1961.0,656.0,1544.0,560.0,729.0,752.0,331.0,276.0,365.0,95.0,175.0
2016-06-03_9:11:16,922.0,2012.0,659.0,1541.0,578.0,737.0,750.0,333.0,262.0,372.0,95.0,168.0
2016-06-03_9:11:20,900.0,1964.0,637.0,1507.0,572.0,713.0,735.0,322.0,271.0,364.0,104.0,163.0
2016-06-03_9:11:25,899.0,1987.0,647.0,1544.0,571.0,739.0,741.0,338.0,272.0,368.0,102.0,171.0
2016-06-03_9:11:30,911.0,1980.0,653.0,1531.0,553.0,728.0,735.0,323.0,267.0,363.0,111.0,165.0
2016-06-03_9:11:34,884.0,1947.0,636.0,1504.0,545.0,705.0,747.0,316.0,277.0,360.0,93.0,163.0
2016-06-03_9:11:39,1028.0,2273.0,744.0,1762.0,651.0,843.0,897.0,373.0,298.0,425.0,105.0,206.0
2016-06-03_9:11:43,951.0,2127.0,689.0,1661.0,592.0,774.0,827.0,344.0,297.0,406.0,104.0,188.0
2016-06-03_9:11:48,909.0,1963.0,637.0,1540.0,550.0,722.0,755.0,336.0,274.0,360.0,94.0,167.0
2016-06-03_9:11:53,879.0,1923.0,632.0,1514.0,542.0,722.0,762.0,315.0,279.0,362.0,96.0,170.0
2016-06-03_9:11:57,763.0,1665.0,542.0,1297.0,473.0,605.0,618.0,281.0,227.0,301.0,81.0,141.0
2016-06-03_9:12:02,1048.0,2220.0,736.0,1760.0,633.0,824.0,843.0,375.0,303.0,415.0,107.0,191.0
2016-06-03_9:12:06,1030.0,2292.0,749.0,1806.0,644.0,856.0,968.0,370.0,310.0,453.0,90.0,206.0
2016-06-03_9:12:11,1049.0,2354.0,756.0,1842.0,653.0,840.0,957.0,378.0,316.0,439.0,111.0,195.0
2016-06-03_9:12:15,993.0,2191.0,719.0,1711.0,615.0,822.0,863.0,359.0,306.0,416.0,92.0,185.0
2016-06-03_9:12:20,912.0,2026.0,655.0,1567.0,559.0,743.0,774.0,329.0,279.0,368.0,89.0,172.0
2016-06-03_9:12:25,1025.0,2272.0,739.0,1761.0,641.0,836.0,888.0,369.0,318.0,435.0,101.0,196.0
2016-06-03_9:12:29,969.0,2149.0,705.0,1688.0,607.0,809.0,872.0,359.0,292.0,401.0,100.0,182.0
2016-06-03_9:12:34,1007.0,2225.0,727.0,1748.0,641.0,821.0,893.0,363.0,317.0,415.0,109.0,193.0
2016-06-03_9:12:38,1098.0,2462.0,793.0,1935.0,697.0,905.0,1044.0,404.0,336.0,490.0,115.0,212.0
2016-06-03_9:12:43,1053.0,2339.0,768.0,1858.0,659.0,870.0,928.0,381.0,330.0,454.0,106.0,200.0
2016-06-03_9:12:47,1076.0,2466.0,796.0,1947.0,687.0,905.0,1112.0,406.0,332.0,503.0,120.0,221.0
2016-06-03_9:12:52,1048.0,2293.0,753.0,1820.0,650.0,854.0,919.0,368.0,306.0,438.0,106.0,201.0
2016-06-03_9:12:57,1064.0,2401.0,787.0,1888.0,662.0,903.0,965.0,396.0,327.0,457.0,105.0,208.0
2016-06-03_9:13:01,1023.0,2319.0,745.0,1815.0,647.0,869.0,946.0,383.0,325.0,447.0,115.0,207.0
2016-06-03_9:13:06,1049.0,2360.0,785.0,1827.0,663.0,889.0,954.0,390.0,326.0,448.0,110.0,201.0
2016-06-03_9:13:10,1025.0,2299.0,740.0,1805.0,642.0,852.0,952.0,369.0,317.0,441.0,101.0,193.0
2016-06-03_9:13:15,1084.0,2421.0,809.0,1918.0,703.0,905.0,994.0,396.0,329.0,480.0,114.0,197.0
2016-06-03_9:13:19,1088.0,2448.0,808.0,1947.0,677.0,930.0,1135.0,397.0,331.0,520.0,117.0,215.0
2016-06-03_9:13:24,1068.0,2358.0,766.0,1870.0,664.0,881.0,955.0,391.0,332.0,447.0,121.0,208.0
2016-06-03_9:13:29,963.0,2171.0,680.0,1665.0,600.0,803.0,882.0,348.0,288.0,420.0,101.0,182.0
2016-06-03_9:13:33,1047.0,2369.0,753.0,1875.0,671.0,869.0,959.0,386.0,325.0,454.0,100.0,206.0
2016-06-03_9:13:38,964.0,2147.0,684.0,1686.0,612.0,797.0,856.0,348.0,288.0,408.0,97.0,183.0
2016-06-03_9:13:42,1065.0,2370.0,771.0,1857.0,662.0,873.0,1006.0,388.0,320.0,469.0,112.0,209.0
2016-06-03_9:13:47,1060.0,2435.0,790.0,1917.0,656.0,898.0,1122.0,390.0,327.0,478.0,102.0,223.0
2016-06-03_9:13:52,1036.0,2368.0,773.0,1889.0,657.0,878.0,1076.0,378.0,324.0,482.0,110.0,212.0
2016-06-03_9:13:56,1009.0,2280.0,746.0,1809.0,638.0,860.0,1025.0,369.0,313.0,469.0,112.0,199.0
2016-06-03_9:14:01,1063.0,2487.0,783.0,1943.0,683.0,908.0,1180.0,400.0,320.0,507.0,106.0,225.0
2016-06-03_9:14:05,1091.0,2461.0,810.0,1949.0,679.0,941.0,1197.0,405.0,341.0,521.0,101.0,228.0
2016-06-03_9:14:10,1081.0,2465.0,813.0,1956.0,688.0,907.0,1311.0,407.0,343.0,546.0,110.0,236.0
2016-06-03_9:14:14,1092.0,2486.0,807.0,1956.0,704.0,913.0,1137.0,406.0,344.0,501.0,106.0,208.0
2016-06-03_9:14:19,1127.0,2561.0,832.0,2051.0,718.0,941.0,1309.0,411.0,350.0,554.0,110.0,251.0
2016-06-03_9:14:23,1028.0,2370.0,757.0,1873.0,644.0,881.0,1117.0,374.0,325.0,508.0,109.0,216.0
2016-06-03_9:14:28,986.0,2262.0,726.0,1780.0,610.0,846.0,1067.0,360.0,304.0,475.0,103.0,205.0
2016-06-03_9:14:33,1084.0,2471.0,813.0,1946.0,693.0,915.0,1196.0,407.0,341.0,527.0,110.0,226.0
2016-06-03_9:14:37,1073.0,2467.0,796.0,1940.0,694.0,902.0,1142.0,397.0,338.0,508.0,111.0,212.0
2016-06-03_9:14:42,1108.0,2543.0,827.0,2006.0,711.0,947.0,1319.0,398.0,351.0,552.0,108.0,239.0
2016-06-03_9:14:46,1059.0,2393.0,779.0,1872.0,679.0,870.0,1004.0,388.0,324.0,467.0,105.0,207.0
2016-06-03_9:14:51,1053.0,2385.0,776.0,1879.0,670.0,877.0,1051.0,386.0,328.0,470.0,109.0,213.0
2016-06-03_9:14:56,1154.0,2590.0,852.0,2064.0,716.0,974.0,1238.0,425.0,351.0,550.0,119.0,238.0
2016-06-03_9:15:00,1129.0,2512.0,833.0,1979.0,696.0,917.0,1154.0,409.0,333.0,534.0,113.0,218.0
2016-06-03_9:15:05,1141.0,2556.0,846.0,2030.0,706.0,970.0,1267.0,412.0,349.0,549.0,102.0,241.0
2016-06-03_9:15:09,1081.0,2436.0,775.0,1933.0,673.0,910.0,1111.0,393.0,333.0,480.0,112.0,212.0
2016-06-03_9:15:14,1059.0,2400.0,789.0,1922.0,671.0,877.0,1102.0,384.0,331.0,487.0,117.0,215.0
2016-06-03_9:15:18,1128.0,2582.0,844.0,2079.0,721.0,964.0,1305.0,420.0,341.0,563.0,108.0,242.0
2016-06-03_9:15:23,1073.0,2456.0,793.0,1965.0,674.0,926.0,1257.0,385.0,333.0,530.0,100.0,223.0
2016-06-03_9:15:28,1072.0,2505.0,828.0,1989.0,689.0,925.0,1280.0,396.0,352.0,541.0,108.0,238.0
2016-06-03_9:15:32,1079.0,2510.0,813.0,1985.0,689.0,902.0,1301.0,399.0,356.0,554.0,112.0,238.0
2016-06-03_9:15:37,1132.0,2532.0,827.0,2015.0,707.0,959.0,1361.0,395.0,348.0,557.0,111.0,231.0
2016-06-03_9:15:41,1091.0,2501.0,819.0,1985.0,689.0,926.0,1347.0,394.0,347.0,581.0,118.0,251.0
2016-06-03_9:15:46,1008.0,2332.0,753.0,1828.0,641.0,858.0,1180.0,367.0,321.0,488.0,106.0,216.0
2016-06-03_9:15:50,1079.0,2483.0,803.0,1994.0,691.0,941.0,1208.0,387.0,327.0,514.0,108.0,228.0
2016-06-03_9:15:55,1107.0,2612.0,843.0,2053.0,709.0,954.0,1304.0,422.0,348.0,546.0,115.0,236.0
2016-06-03_9:16:00,1114.0,2592.0,830.0,2054.0,708.0,972.0,1253.0,399.0,348.0,544.0,109.0,233.0
2016-06-03_9:16:04,1117.0,2534.0,834.0,1989.0,701.0,943.0,1376.0,412.0,337.0,578.0,109.0,245.0
2016-06-03_9:16:09,1117.0,2534.0,810.0,2023.0,707.0,910.0,1187.0,409.0,355.0,522.0,113.0,224.0
2016-06-03_9:16:13,1095.0,2517.0,807.0,1989.0,701.0,929.0,1273.0,400.0,326.0,545.0,117.0,242.0
2016-06-03_9:16:18,1137.0,2551.0,842.0,2007.0,715.0,950.0,1333.0,406.0,343.0,555.0,105.0,245.0
2016-06-03_9:16:23,1094.0,2490.0,814.0,1942.0,700.0,925.0,1308.0,393.0,335.0,553.0,112.0,233.0
2016-06-03_9:16:27,1108.0,2555.0,811.0,2013.0,705.0,939.0,1196.0,404.0,340.0,530.0,112.0,230.0
2016-06-03_9:16:32,1029.0,2352.0,746.0,1843.0,646.0,876.0,1145.0,375.0,309.0,499.0,101.0,213.0
2016-06-03_9:16:36,1143.0,2603.0,859.0,2075.0,725.0,970.0,1295.0,420.0,349.0,568.0,106.0,242.0
2016-06-03_9:16:41,1020.0,2333.0,760.0,1829.0,655.0,870.0,1049.0,375.0,323.0,468.0,103.0,217.0
2016-06-03_9:16:45,1117.0,2562.0,832.0,2001.0,712.0,952.0,1209.0,402.0,346.0,531.0,114.0,235.0
2016-06-03_9:16:50,1042.0,2393.0,767.0,1871.0,662.0,889.0,1094.0,380.0,316.0,486.0,104.0,212.0
2016-06-03_9:16:55,1054.0,2375.0,785.0,1888.0,669.0,891.0,1080.0,397.0,324.0,495.0,118.0,209.0
2016-06-03_9:16:59,1107.0,2531.0,819.0,1989.0,712.0,925.0,1146.0,399.0,342.0,503.0,119.0,229.0
2016-06-03_9:17:04,1101.0,2435.0,805.0,1935.0,672.0,910.0,1034.0,399.0,329.0,474.0,119.0,216.0
2016-06-03_9:17:08,1065.0,2396.0,772.0,1898.0,668.0,905.0,1090.0,380.0,332.0,478.0,103.0,214.0
2016-06-03_9:17:13,1001.0,2332.0,747.0,1813.0,645.0,848.0,1042.0,373.0,317.0,458.0,99.0,202.0
2016-06-03_9:17:17,1060.0,2337.0,739.0,1873.0,654.0,878.0,1034.0,374.0,323.0,469.0,96.0,211.0
2016-06-03_9:17:22,1086.0,2439.0,787.0,1890.0,683.0,885.0,1037.0,383.0,329.0,472.0,107.0,211.0
2016-06-03_9:17:27,1097.0,2514.0,804.0,1991.0,695.0,934.0,1213.0,399.0,332.0,525.0,108.0,235.0
2016-06-03_9:17:31,1065.0,2490.0,799.0,1969.0,685.0,920.0,1243.0,392.0,337.0,532.0,116.0,236.0
2016-06-03_9:17:36,1085.0,2519.0,838.0,1998.0,686.0,927.0,1305.0,400.0,346.0,551.0,115.0,245.0
2016-06-03_9:17:40,1076.0,2461.0,809.0,1945.0,672.0,924.0,1128.0,388.0,334.0,496.0,110.0,209.0
2016-06-03_9:17:45,1089.0,2465.0,783.0,1952.0,688.0,916.0,1172.0,403.0,335.0,510.0,109.0,229.0
2016-06-03_9:17:49,1093.0,2492.0,823.0,1981.0,688.0,933.0,1262.0,400.0,334.0,533.0,110.0,230.0
2016-06-03_9:17:54,1064.0,2445.0,794.0,1926.0,680.0,914.0,1141.0,387.0,338.0,498.0,110.0,223.0
2016-06-03_9:17:59,1036.0,2345.0,758.0,1838.0,657.0,866.0,1012.0,374.0,309.0,467.0,105.0,210.0
2016-06-03_9:18:03,1071.0,2448.0,802.0,1949.0,689.0,928.0,1099.0,396.0,332.0,484.0,106.0,222.0
2016-06-03_9:18:08,1064.0,2385.0,766.0,1889.0,666.0,883.0,1014.0,398.0,322.0,468.0,112.0,213.0
2016-06-03_9:18:12,993.0,2257.0,734.0,1754.0,629.0,839.0,967.0,363.0,304.0,441.0,106.0,201.0
2016-06-03_9:18:17,1022.0,2318.0,752.0,1811.0,627.0,853.0,1029.0,375.0,317.0,461.0,106.0,203.0
2016-06-03_9:18:22,991.0,2265.0,725.0,1784.0,637.0,847.0,963.0,360.0,311.0,446.0,107.0,205.0
2016-06-03_9:18:26,1044.0,2344.0,754.0,1845.0,649.0,865.0,995.0,378.0,324.0,456.0,103.0,212.0
2016-06-03_9:18:31,1059.0,2399.0,769.0,1924.0,688.0,884.0,1105.0,386.0,325.0,488.0,89.0,221.0
2016-06-03_9:18:35,1067.0,2439.0,795.0,1933.0,692.0,912.0,1087.0,395.0,338.0,487.0,112.0,220.0
2016-06-03_9:18:40,1029.0,2343.0,766.0,1836.0,640.0,879.0,1062.0,377.0,310.0,478.0,97.0,213.0
2016-06-03_9:18:44,1066.0,2416.0,791.0,1930.0,664.0,905.0,1100.0,394.0,329.0,493.0,107.0,226.0
2016-06-03_9:18:49,1064.0,2381.0,781.0,1905.0,674.0,867.0,1028.0,388.0,320.0,474.0,111.0,208.0
2016-06-03_9:18:54,1053.0,2384.0,779.0,1844.0,666.0,887.0,1032.0,392.0,323.0,473.0,112.0,210.0
2016-06-03_9:18:58,979.0,2261.0,721.0,1752.0,628.0,830.0,967.0,368.0,313.0,448.0,101.0,202.0
2016-06-03_9:19:03,986.0,2232.0,729.0,1790.0,630.0,847.0,991.0,356.0,309.0,444.0,105.0,207.0
2016-06-03_9:19:07,1078.0,2457.0,786.0,1923.0,683.0,909.0,1085.0,410.0,337.0,486.0,107.0,217.0
2016-06-03_9:19:12,1033.0,2365.0,768.0,1859.0,666.0,876.0,1042.0,374.0,324.0,478.0,112.0,217.0
2016-06-03_9:19:16,1024.0,2347.0,760.0,1840.0,645.0,873.0,1125.0,376.0,313.0,483.0,110.0,212.0
2016-06-03_9:19:21,1105.0,2534.0,822.0,1994.0,707.0,922.0,1144.0,400.0,343.0,510.0,109.0,225.0
2016-06-03_9:19:26,1066.0,2493.0,799.0,1949.0,693.0,909.0,1214.0,390.0,338.0,534.0,116.0,227.0
2016-06-03_9:19:30,1126.0,2518.0,826.0,1964.0,709.0,932.0,1140.0,402.0,345.0,510.0,121.0,222.0
2016-06-03_9:19:35,1097.0,2497.0,813.0,1984.0,694.0,924.0,1172.0,398.0,342.0,525.0,109.0,223.0
2016-06-03_9:19:39,1090.0,2491.0,815.0,1968.0,701.0,934.0,1152.0,403.0,342.0,509.0,112.0,225.0
2016-06-03_9:19:44,1063.0,2443.0,793.0,1935.0,678.0,921.0,1166.0,400.0,325.0,513.0,107.0,225.0
2016-06-03_9:19:48,1000.0,2327.0,747.0,1833.0,646.0,852.0,1092.0,377.0,315.0,482.0,116.0,213.0
2016-06-03_9:19:53,1099.0,2472.0,801.0,1967.0,688.0,921.0,1147.0,393.0,346.0,517.0,116.0,228.0
2016-06-03_9:19:58,1029.0,2395.0,774.0,1864.0,665.0,897.0,1061.0,391.0,319.0,480.0,113.0,216.0
2016-06-03_9:20:02,1097.0,2466.0,797.0,1961.0,684.0,915.0,1115.0,397.0,336.0,504.0,109.0,222.0
2016-06-03_9:20:07,1052.0,2388.0,777.0,1871.0,661.0,892.0,1074.0,390.0,322.0,477.0,103.0,215.0
2016-06-03_9:20:11,1008.0,2300.0,746.0,1810.0,639.0,850.0,1043.0,367.0,313.0,467.0,99.0,210.0
2016-06-03_9:20:16,1087.0,2511.0,804.0,1963.0,691.0,924.0,1116.0,398.0,340.0,507.0,105.0,229.0
2016-06-03_9:20:21,237.0,620.0,187.0,526.0,130.0,222.0,1807.0,78.0,75.0,535.0,20.0,191.0
2016-06-03_9:20:25,216.0,577.0,180.0,489.0,125.0,205.0,1506.0,78.0,70.0,466.0,7.0,159.0
2016-06-03_9:20:30,216.0,547.0,176.0,465.0,119.0,197.0,1471.0,67.0,66.0,454.0,17.0,153.0
2016-06-03_9:20:34,194.0,521.0,169.0,445.0,113.0,190.0,1530.0,61.0,65.0,474.0,22.0,164.0
2016-06-03_9:20:39,205.0,550.0,175.0,468.0,118.0,200.0,1737.0,67.0,63.0,528.0,20.0,183.0
2016-06-03_9:20:43,190.0,514.0,175.0,436.0,112.0,184.0,1705.0,63.0,61.0,528.0,17.0,181.0
2016-06-03_9:20:48,186.0,502.0,168.0,438.0,117.0,178.0,1720.0,62.0,65.0,525.0,15.0,176.0
2016-06-03_9:20:53,194.0,508.0,164.0,423.0,108.0,181.0,1784.0,61.0,61.0,546.0,16.0,184.0
2016-06-03_9:20:57,199.0,489.0,162.0,411.0,102.0,174.0,1810.0,62.0,60.0,536.0,16.0,184.0
2016-06-03_9:21:02,182.0,487.0,165.0,408.0,109.0,165.0,1785.0,67.0,58.0,521.0,16.0,175.0
2016-06-03_9:21:06,190.0,497.0,158.0,415.0,104.0,176.0,1953.0,64.0,56.0,571.0,11.0,200.0
2016-06-03_9:21:11,179.0,489.0,155.0,411.0,107.0,176.0,1848.0,60.0,59.0,555.0,7.0,187.0
2016-06-03_9:21:16,179.0,496.0,158.0,414.0,109.0,162.0,1992.0,62.0,55.0,594.0,16.0,200.0
2016-06-03_9:21:20,172.0,476.0,156.0,414.0,110.0,166.0,1996.0,63.0,56.0,597.0,16.0,201.0
2016-06-03_9:21:25,178.0,459.0,153.0,405.0,102.0,161.0,1894.0,58.0,55.0,578.0,25.0,190.0
2016-06-03_9:21:29,175.0,474.0,157.0,398.0,101.0,158.0,1990.0,58.0,49.0,603.0,7.0,192.0
2016-06-03_9:21:34,173.0,440.0,147.0,385.0,98.0,154.0,1855.0,56.0,55.0,547.0,12.0,191.0
2016-06-03_9:21:38,180.0,464.0,152.0,397.0,103.0,166.0,1968.0,55.0,55.0,587.0,21.0,196.0
2016-06-03_9:21:43,180.0,470.0,151.0,401.0,100.0,170.0,1998.0,63.0,55.0,607.0,17.0,204.0
2016-06-03_9:21:48,178.0,470.0,166.0,424.0,102.0,163.0,2056.0,60.0,60.0,610.0,17.0,205.0
2016-06-03_9:21:52,173.0,463.0,150.0,385.0,102.0,156.0,1944.0,55.0,53.0,581.0,20.0,191.0
2016-06-03_9:21:57,186.0,471.0,155.0,404.0,101.0,163.0,2064.0,57.0,56.0,616.0,14.0,210.0
2016-06-03_9:22:01,171.0,443.0,147.0,391.0,99.0,153.0,2004.0,53.0,51.0,594.0,10.0,202.0
2016-06-03_9:22:06,168.0,451.0,148.0,395.0,99.0,163.0,1923.0,55.0,51.0,591.0,17.0,193.0
2016-06-03_9:22:11,181.0,458.0,158.0,400.0,98.0,162.0,2065.0,58.0,55.0,608.0,16.0,205.0
2016-06-03_9:22:15,174.0,440.0,149.0,385.0,94.0,162.0,2026.0,60.0,41.0,608.0,18.0,201.0
2016-06-03_9:22:20,185.0,464.0,170.0,410.0,105.0,164.0,2126.0,56.0,54.0,640.0,22.0,214.0
2016-06-03_9:22:24,178.0,452.0,149.0,395.0,111.0,170.0,2100.0,55.0,50.0,629.0,13.0,209.0
2016-06-03_9:22:29,178.0,460.0,161.0,412.0,98.0,161.0,2035.0,52.0,51.0,605.0,11.0,206.0
2016-06-03_9:22:33,177.0,456.0,154.0,388.0,98.0,162.0,2040.0,56.0,54.0,608.0,13.0,200.0
2016-06-03_9:22:38,179.0,457.0,147.0,387.0,95.0,149.0,2078.0,61.0,53.0,608.0,21.0,202.0
2016-06-03_9:22:43,168.0,458.0,157.0,386.0,102.0,163.0,2087.0,53.0,54.0,612.0,19.0,213.0
2016-06-03_9:22:47,184.0,467.0,150.0,405.0,107.0,156.0,2162.0,58.0,51.0,645.0,14.0,229.0
2016-06-03_9:22:52,180.0,468.0,154.0,394.0,102.0,157.0,2154.0,58.0,50.0,644.0,18.0,217.0
2016-06-03_9:22:56,178.0,451.0,161.0,407.0,104.0,165.0,2073.0,60.0,39.0,618.0,13.0,210.0
2016-06-03_9:23:01,183.0,469.0,155.0,405.0,100.0,164.0,2205.0,53.0,51.0,648.0,24.0,219.0
2016-06-03_9:23:06,178.0,445.0,148.0,395.0,101.0,157.0,2084.0,66.0,56.0,614.0,18.0,206.0
2016-06-03_9:23:10,179.0,468.0,153.0,394.0,99.0,159.0,2123.0,59.0,51.0,644.0,17.0,215.0
2016-06-03_9:23:15,186.0,466.0,153.0,405.0,106.0,165.0,2180.0,55.0,56.0,653.0,18.0,224.0
2016-06-03_9:23:19,188.0,466.0,153.0,389.0,102.0,153.0,2130.0,55.0,54.0,629.0,12.0,223.0
2016-06-03_9:23:24,181.0,489.0,154.0,414.0,101.0,153.0,2211.0,52.0,53.0,657.0,9.0,223.0
2016-06-03_9:23:28,182.0,480.0,156.0,415.0,107.0,167.0,2226.0,54.0,57.0,657.0,10.0,223.0
2016-06-03_9:23:33,183.0,474.0,165.0,405.0,103.0,168.0,2235.0,51.0,54.0,656.0,15.0,220.0
2016-06-03_9:23:37,190.0,474.0,153.0,393.0,96.0,161.0,2136.0,57.0,57.0,641.0,15.0,214.0
2016-06-03_9:23:42,186.0,468.0,161.0,413.0,111.0,173.0,2253.0,56.0,55.0,659.0,19.0,225.0
2016-06-03_9:23:47,191.0,481.0,166.0,413.0,104.0,163.0,2258.0,58.0,59.0,687.0,15.0,226.0
2016-06-03_9:23:51,176.0,455.0,164.0,395.0,96.0,163.0,2151.0,61.0,58.0,632.0,21.0,225.0
2016-06-03_9:23:56,186.0,475.0,165.0,419.0,105.0,163.0,2199.0,57.0,56.0,646.0,13.0,218.0
2016-06-03_9:24:00,190.0,472.0,160.0,409.0,101.0,164.0,2189.0,58.0,55.0,641.0,15.0,215.0
2016-06-03_9:24:05,179.0,454.0,151.0,406.0,98.0,171.0,2161.0,59.0,55.0,638.0,19.0,209.0
2016-06-03_9:24:10,196.0,469.0,162.0,413.0,102.0,168.0,2177.0,54.0,53.0,649.0,18.0,218.0
2016-06-03_9:24:14,190.0,480.0,157.0,404.0,99.0,165.0,2124.0,60.0,50.0,634.0,16.0,219.0
2016-06-03_9:24:19,190.0,477.0,154.0,414.0,109.0,170.0,2233.0,60.0,53.0,655.0,20.0,223.0
2016-06-03_9:24:23,182.0,453.0,159.0,402.0,102.0,165.0,2177.0,60.0,60.0,646.0,11.0,222.0
2016-06-03_9:24:28,191.0,461.0,161.0,404.0,109.0,162.0,2192.0,57.0,45.0,665.0,18.0,220.0
2016-06-03_9:24:32,190.0,454.0,157.0,409.0,101.0,174.0,2240.0,58.0,52.0,667.0,9.0,221.0
2016-06-03_9:24:37,177.0,466.0,163.0,398.0,110.0,162.0,2219.0,57.0,60.0,670.0,8.0,224.0
2016-06-03_9:24:42,180.0,457.0,160.0,404.0,101.0,157.0,2223.0,62.0,60.0,650.0,16.0,234.0
2016-06-03_9:24:46,182.0,465.0,165.0,399.0,96.0,160.0,2219.0,57.0,53.0,655.0,21.0,226.0
2016-06-03_9:24:51,178.0,465.0,160.0,392.0,93.0,157.0,2149.0,62.0,54.0,640.0,16.0,215.0
2016-06-03_9:24:55,187.0,463.0,153.0,398.0,100.0,160.0,2212.0,65.0,50.0,668.0,20.0,216.0
2016-06-03_9:25:00,180.0,470.0,163.0,413.0,104.0,178.0,2273.0,61.0,53.0,689.0,17.0,234.0
2016-06-03_9:25:04,172.0,463.0,156.0,399.0,103.0,163.0,2252.0,59.0,53.0,670.0,11.0,233.0
2016-06-03_9:25:09,179.0,465.0,164.0,419.0,104.0,176.0,2352.0,60.0,55.0,693.0,11.0,229.0
2016-06-03_9:25:14,186.0,459.0,162.0,400.0,104.0,168.0,2276.0,60.0,55.0,675.0,12.0,236.0
2016-06-03_9:25:18,184.0,471.0,152.0,402.0,101.0,170.0,2241.0,58.0,53.0,676.0,23.0,227.0
2016-06-03_9:25:23,179.0,462.0,166.0,404.0,99.0,169.0,2223.0,61.0,50.0,680.0,16.0,224.0
2016-06-03_9:25:27,185.0,452.0,160.0,392.0,95.0,163.0,2184.0,56.0,49.0,652.0,15.0,222.0
2016-06-03_9:25:32,178.0,470.0,160.0,401.0,106.0,161.0,2276.0,48.0,57.0,679.0,19.0,227.0
2016-06-03_9:25:36,181.0,459.0,155.0,399.0,100.0,161.0,2198.0,63.0,56.0,680.0,17.0,221.0
2016-06-03_9:25:41,181.0,469.0,164.0,403.0,98.0,172.0,2260.0,57.0,54.0,673.0,17.0,226.0
2016-06-03_9:25:46,186.0,463.0,157.0,398.0,95.0,165.0,2199.0,58.0,51.0,650.0,14.0,226.0
2016-06-03_9:25:50,172.0,457.0,162.0,410.0,105.0,166.0,2209.0,62.0,53.0,654.0,7.0,222.0
2016-06-03_9:25:55,195.0,469.0,156.0,418.0,100.0,165.0,2316.0,55.0,55.0,672.0,13.0,224.0
2016-06-03_9:25:59,189.0,470.0,163.0,418.0,104.0,169.0,2291.0,55.0,57.0,687.0,14.0,238.0
2016-06-03_9:26:04,184.0,466.0,164.0,404.0,104.0,161.0,2305.0,61.0,57.0,679.0,21.0,231.0
2016-06-03_9:26:08,189.0,481.0,152.0,413.0,104.0,166.0,2343.0,60.0,57.0,693.0,23.0,238.0
2016-06-03_9:26:13,190.0,453.0,161.0,412.0,102.0,167.0,2308.0,61.0,52.0,692.0,16.0,233.0
2016-06-03_9:26:18,188.0,468.0,158.0,422.0,106.0,164.0,2309.0,67.0,60.0,676.0,16.0,233.0
2016-06-03_9:26:22,191.0,472.0,167.0,415.0,103.0,170.0,2305.0,59.0,50.0,682.0,21.0,241.0
2016-06-03_9:26:27,179.0,463.0,160.0,399.0,104.0,170.0,2226.0,51.0,55.0,665.0,20.0,224.0
2016-06-03_9:26:31,190.0,473.0,154.0,421.0,106.0,168.0,2344.0,58.0,62.0,700.0,20.0,235.0
2016-06-03_9:26:36,190.0,472.0,154.0,413.0,104.0,169.0,2260.0,54.0,60.0,671.0,21.0,230.0
2016-06-03_9:26:40,180.0,457.0,155.0,398.0,104.0,171.0,2260.0,56.0,49.0,673.0,20.0,222.0
2016-06-03_9:26:45,181.0,472.0,163.0,403.0,100.0,170.0,2244.0,65.0,56.0,664.0,21.0,224.0
2016-06-03_9:26:50,179.0,482.0,159.0,402.0,109.0,172.0,2215.0,59.0,51.0,673.0,22.0,231.0
2016-06-03_9:26:54,191.0,483.0,161.0,424.0,104.0,171.0,2288.0,62.0,59.0,685.0,14.0,231.0
2016-06-03_9:26:59,191.0,476.0,165.0,396.0,107.0,176.0,2253.0,63.0,65.0,669.0,22.0,234.0
2016-06-03_9:27:03,183.0,466.0,160.0,417.0,108.0,167.0,2311.0,59.0,60.0,688.0,17.0,224.0
2016-06-03_9:27:08,185.0,467.0,163.0,405.0,97.0,173.0,2179.0,62.0,50.0,653.0,16.0,221.0
2016-06-03_9:27:12,201.0,497.0,160.0,428.0,97.0,176.0,2279.0,63.0,53.0,694.0,21.0,230.0
2016-06-03_9:27:17,178.0,476.0,158.0,404.0,105.0,163.0,2240.0,59.0,52.0,683.0,17.0,224.0
2016-06-03_9:27:22,185.0,472.0,169.0,410.0,103.0,169.0,2279.0,60.0,53.0,692.0,19.0,230.0
2016-06-03_9:27:26,187.0,466.0,159.0,400.0,97.0,165.0,2217.0,57.0,55.0,657.0,23.0,230.0
2016-06-03_9:27:31,185.0,497.0,165.0,426.0,109.0,173.0,2284.0,58.0,58.0,693.0,17.0,230.0
2016-06-03_9:27:35,189.0,491.0,166.0,407.0,108.0,171.0,2296.0,62.0,57.0,708.0,23.0,234.0
2016-06-03_9:27:40,178.0,466.0,156.0,404.0,106.0,166.0,2173.0,60.0,53.0,661.0,12.0,233.0
2016-06-03_9:27:45,187.0,454.0,160.0,399.0,108.0,163.0,2311.0,63.0,54.0,701.0,7.0,231.0
2016-06-03_9:27:49,186.0,476.0,165.0,409.0,98.0,170.0,2270.0,56.0,56.0,682.0,8.0,216.0
2016-06-03_9:27:54,189.0,483.0,154.0,430.0,102.0,173.0,2283.0,58.0,54.0,696.0,4.0,234.0
2016-06-03_9:27:58,189.0,480.0,161.0,424.0,105.0,167.0,2334.0,58.0,57.0,698.0,21.0,236.0
2016-06-03_9:28:03,194.0,486.0,173.0,416.0,108.0,168.0,2375.0,67.0,60.0,695.0,20.0,232.0
2016-06-03_9:28:08,186.0,483.0,160.0,410.0,104.0,173.0,2353.0,60.0,57.0,702.0,19.0,236.0
2016-06-03_9:28:12,187.0,481.0,159.0,404.0,103.0,170.0,2242.0,54.0,55.0,659.0,24.0,224.0
2016-06-03_9:28:17,195.0,455.0,169.0,415.0,101.0,167.0,2204.0,58.0,51.0,663.0,17.0,218.0
2016-06-03_9:28:21,198.0,484.0,172.0,417.0,109.0,166.0,2323.0,56.0,54.0,701.0,20.0,241.0
2016-06-03_9:28:26,192.0,477.0,165.0,422.0,102.0,165.0,2271.0,58.0,49.0,666.0,25.0,222.0
2016-06-03_9:28:30,192.0,480.0,170.0,416.0,111.0,168.0,2310.0,54.0,61.0,689.0,10.0,237.0
2016-06-03_9:28:35,201.0,482.0,164.0,408.0,104.0,170.0,2292.0,56.0,56.0,689.0,13.0,233.0
2016-06-03_9:28:40,192.0,490.0,165.0,419.0,103.0,182.0,2310.0,60.0,53.0,694.0,17.0,231.0
2016-06-03_9:28:44,196.0,489.0,171.0,434.0,101.0,165.0,2337.0,65.0,60.0,700.0,15.0,235.0
2016-06-03_9:28:49,193.0,477.0,160.0,427.0,104.0,176.0,2252.0,58.0,56.0,671.0,15.0,226.0
2016-06-03_9:28:53,190.0,464.0,153.0,411.0,107.0,166.0,2280.0,57.0,60.0,671.0,16.0,238.0
2016-06-03_9:28:58,194.0,493.0,170.0,430.0,111.0,175.0,2379.0,66.0,59.0,714.0,16.0,240.0
2016-06-03_9:29:03,197.0,474.0,164.0,410.0,97.0,170.0,2331.0,58.0,50.0,709.0,22.0,236.0
2016-06-03_9:29:07,196.0,496.0,178.0,420.0,105.0,178.0,2433.0,61.0,60.0,728.0,10.0,249.0
2016-06-03_9:29:12,195.0,483.0,169.0,412.0,111.0,180.0,2354.0,62.0,64.0,706.0,23.0,240.0
2016-06-03_9:29:17,190.0,494.0,163.0,410.0,101.0,169.0,2392.0,61.0,63.0,726.0,15.0,244.0
2016-06-03_9:29:22,187.0,482.0,160.0,406.0,103.0,174.0,2334.0,67.0,60.0,702.0,17.0,243.0
2016-06-03_9:29:26,190.0,478.0,162.0,414.0,113.0,165.0,2324.0,58.0,58.0,691.0,15.0,235.0
2016-06-03_9:29:44,184.0,462.0,155.0,401.0,98.0,166.0,2312.0,55.0,60.0,694.0,13.0,227.0
2016-06-03_9:29:51,203.0,476.0,165.0,419.0,106.0,167.0,2364.0,59.0,56.0,700.0,13.0,234.0
2016-06-03_9:29:55,184.0,455.0,160.0,394.0,108.0,157.0,2281.0,57.0,56.0,692.0,15.0,226.0
2016-06-03_9:30:00,884.0,1713.0,625.0,1312.0,523.0,615.0,662.0,310.0,243.0,343.0,92.0,161.0
2016-06-03_9:30:04,995.0,2010.0,711.0,1577.0,602.0,739.0,837.0,361.0,283.0,411.0,99.0,192.0
2016-06-03_9:30:09,886.0,1849.0,638.0,1446.0,545.0,673.0,781.0,323.0,250.0,382.0,89.0,178.0
2016-06-03_9:30:14,855.0,1713.0,595.0,1357.0,505.0,638.0,709.0,307.0,233.0,353.0,87.0,169.0
2016-06-03_9:30:18,933.0,1948.0,676.0,1525.0,565.0,712.0,802.0,338.0,276.0,394.0,86.0,193.0
2016-06-03_9:30:23,903.0,1899.0,649.0,1486.0,553.0,700.0,788.0,338.0,267.0,390.0,89.0,182.0
2016-06-03_9:30:27,873.0,1844.0,629.0,1448.0,544.0,690.0,765.0,326.0,256.0,370.0,104.0,182.0
2016-06-03_9:30:32,835.0,1820.0,619.0,1436.0,530.0,666.0,742.0,323.0,256.0,363.0,92.0,173.0
2016-06-03_9:30:37,886.0,1894.0,649.0,1480.0,556.0,698.0,786.0,331.0,262.0,377.0,101.0,179.0
2016-06-03_9:30:41,927.0,1964.0,686.0,1532.0,582.0,718.0,797.0,328.0,263.0,402.0,101.0,181.0
2016-06-03_9:30:46,833.0,1823.0,632.0,1436.0,539.0,679.0,723.0,327.0,261.0,362.0,95.0,177.0
2016-06-03_9:30:50,915.0,1927.0,663.0,1520.0,570.0,736.0,779.0,340.0,269.0,394.0,98.0,189.0
2016-06-03_9:30:55,926.0,1931.0,674.0,1512.0,575.0,725.0,768.0,340.0,267.0,382.0,103.0,187.0
2016-06-03_9:30:59,903.0,1954.0,654.0,1526.0,548.0,712.0,784.0,336.0,275.0,393.0,94.0,181.0
2016-06-03_9:31:04,875.0,1883.0,623.0,1475.0,558.0,694.0,737.0,322.0,264.0,368.0,100.0,183.0
2016-06-03_9:31:09,844.0,1811.0,605.0,1435.0,525.0,680.0,718.0,321.0,255.0,349.0,89.0,172.0
2016-06-03_9:31:13,932.0,1952.0,663.0,1538.0,576.0,747.0,791.0,348.0,284.0,385.0,88.0,191.0
2016-06-03_9:31:18,904.0,1937.0,648.0,1547.0,571.0,729.0,776.0,337.0,272.0,373.0,94.0,180.0
2016-06-03_9:31:22,823.0,1755.0,601.0,1386.0,512.0,666.0,709.0,312.0,248.0,353.0,86.0,168.0
2016-06-03_9:31:27,787.0,1678.0,565.0,1312.0,488.0,616.0,647.0,294.0,243.0,336.0,90.0,165.0
2016-06-03_9:31:31,898.0,1945.0,637.0,1513.0,547.0,707.0,769.0,342.0,275.0,377.0,93.0,178.0
2016-06-03_9:31:36,908.0,2013.0,677.0,1582.0,579.0,745.0,798.0,336.0,282.0,393.0,102.0,189.0
2016-06-03_9:31:41,913.0,1987.0,661.0,1538.0,567.0,732.0,800.0,335.0,264.0,389.0,97.0,179.0
2016-06-03_9:31:45,990.0,2158.0,730.0,1728.0,625.0,821.0,891.0,375.0,306.0,424.0,107.0,202.0
2016-06-03_9:31:50,986.0,2148.0,703.0,1705.0,614.0,793.0,864.0,357.0,303.0,421.0,102.0,196.0
2016-06-03_9:31:54,1020.0,2242.0,728.0,1766.0,628.0,836.0,936.0,364.0,311.0,435.0,107.0,193.0
2016-06-03_9:31:59,966.0,2136.0,694.0,1653.0,609.0,783.0,858.0,354.0,297.0,404.0,130.0,186.0
2016-06-03_9:32:04,965.0,2114.0,680.0,1671.0,606.0,782.0,865.0,349.0,296.0,406.0,125.0,190.0
2016-06-03_9:32:08,1022.0,2293.0,749.0,1818.0,654.0,850.0,968.0,376.0,312.0,455.0,126.0,216.0
2016-06-03_9:32:13,963.0,2155.0,708.0,1710.0,601.0,793.0,884.0,360.0,291.0,425.0,122.0,194.0
2016-06-03_9:32:17,972.0,2150.0,721.0,1692.0,602.0,809.0,860.0,367.0,309.0,414.0,126.0,199.0
2016-06-03_9:32:22,987.0,2185.0,722.0,1712.0,626.0,830.0,893.0,359.0,309.0,424.0,125.0,200.0
2016-06-03_9:32:26,978.0,2170.0,731.0,1702.0,621.0,814.0,895.0,365.0,309.0,425.0,119.0,201.0
2016-06-03_9:32:31,997.0,2234.0,724.0,1750.0,635.0,811.0,917.0,368.0,312.0,426.0,130.0,197.0
2016-06-03_9:32:36,1042.0,2328.0,762.0,1833.0,663.0,858.0,994.0,386.0,330.0,476.0,134.0,210.0
2016-06-03_9:32:40,1006.0,2241.0,734.0,1738.0,634.0,813.0,902.0,367.0,308.0,435.0,133.0,208.0
2016-06-03_9:32:45,997.0,2259.0,724.0,1777.0,628.0,828.0,969.0,380.0,315.0,450.0,132.0,204.0
2016-06-03_9:32:49,1032.0,2376.0,765.0,1876.0,684.0,894.0,1050.0,383.0,333.0,480.0,126.0,213.0
2016-06-03_9:32:54,990.0,2216.0,725.0,1752.0,624.0,813.0,995.0,365.0,303.0,458.0,113.0,215.0
2016-06-03_9:32:58,1030.0,2354.0,778.0,1869.0,656.0,884.0,1028.0,379.0,326.0,492.0,128.0,223.0
2016-06-03_9:33:03,1092.0,2484.0,807.0,1972.0,692.0,936.0,1249.0,405.0,329.0,526.0,139.0,240.0
2016-06-03_9:33:08,1053.0,2389.0,777.0,1888.0,662.0,887.0,1154.0,378.0,337.0,499.0,127.0,229.0
2016-06-03_9:33:12,1064.0,2456.0,802.0,1922.0,683.0,903.0,1158.0,394.0,329.0,502.0,136.0,231.0
2016-06-03_9:33:17,1108.0,2519.0,838.0,2003.0,722.0,947.0,1244.0,413.0,345.0,566.0,128.0,239.0
2016-06-03_9:33:21,1106.0,2463.0,838.0,1955.0,700.0,925.0,1250.0,406.0,345.0,551.0,132.0,241.0
2016-06-03_9:33:26,1061.0,2406.0,797.0,1919.0,675.0,897.0,1161.0,389.0,326.0,504.0,123.0,236.0
2016-06-03_9:33:31,1071.0,2437.0,795.0,1920.0,691.0,893.0,1138.0,406.0,329.0,512.0,131.0,232.0
2016-06-03_9:33:35,1079.0,2452.0,814.0,1964.0,688.0,910.0,1180.0,398.0,327.0,524.0,130.0,224.0
2016-06-03_9:33:40,1065.0,2457.0,797.0,1955.0,686.0,929.0,1264.0,390.0,334.0,542.0,132.0,246.0
2016-06-03_9:33:44,1061.0,2372.0,785.0,1859.0,679.0,892.0,1037.0,393.0,327.0,477.0,137.0,215.0
2016-06-03_9:33:49,1107.0,2554.0,844.0,2021.0,720.0,960.0,1388.0,417.0,354.0,581.0,152.0,266.0
2016-06-03_9:33:53,1079.0,2480.0,809.0,1930.0,680.0,926.0,1177.0,414.0,327.0,530.0,132.0,236.0
2016-06-03_9:33:58,937.0,2189.0,721.0,1756.0,602.0,813.0,1086.0,356.0,308.0,472.0,126.0,213.0
2016-06-03_9:34:03,1088.0,2504.0,819.0,1981.0,701.0,930.0,1261.0,420.0,340.0,537.0,141.0,250.0
2016-06-03_9:34:07,1062.0,2447.0,796.0,1954.0,674.0,902.0,1189.0,399.0,331.0,527.0,135.0,236.0
2016-06-03_9:34:12,1083.0,2546.0,821.0,2009.0,710.0,935.0,1361.0,411.0,350.0,575.0,140.0,252.0
2016-06-03_9:34:16,1033.0,2384.0,768.0,1888.0,661.0,886.0,1172.0,386.0,342.0,518.0,136.0,227.0
2016-06-03_9:34:21,1043.0,2399.0,765.0,1902.0,681.0,902.0,1118.0,388.0,330.0,508.0,133.0,218.0
2016-06-03_9:34:25,1029.0,2376.0,764.0,1846.0,664.0,863.0,1093.0,389.0,319.0,489.0,137.0,221.0
2016-06-03_9:34:30,1066.0,2435.0,797.0,1923.0,674.0,906.0,1222.0,402.0,340.0,535.0,143.0,240.0
2016-06-03_9:34:35,1070.0,2455.0,795.0,1962.0,689.0,923.0,1163.0,404.0,337.0,520.0,139.0,232.0
2016-06-03_9:34:39,1087.0,2503.0,818.0,1950.0,698.0,955.0,1204.0,409.0,337.0,529.0,147.0,240.0
2016-06-03_9:34:44,1079.0,2483.0,819.0,1972.0,684.0,929.0,1168.0,397.0,342.0,496.0,150.0,231.0
2016-06-03_9:34:48,1048.0,2425.0,796.0,1915.0,687.0,909.0,1070.0,397.0,342.0,479.0,132.0,218.0
2016-06-03_9:34:53,1082.0,2492.0,813.0,1964.0,688.0,902.0,1227.0,404.0,331.0,533.0,133.0,247.0
2016-06-03_9:34:58,1109.0,2571.0,835.0,2019.0,707.0,949.0,1258.0,414.0,353.0,560.0,145.0,247.0
2016-06-03_9:35:02,1055.0,2388.0,787.0,1895.0,666.0,890.0,1200.0,389.0,330.0,524.0,135.0,236.0
2016-06-03_9:35:07,119.0,301.0,102.0,228.0,82.0,105.0,141.0,43.0,37.0,63.0,19.0,29.0
2016-06-03_9:35:11,-8.0,1.0,3.0,-1.0,-5.0,-1.0,2.0,2.0,5.0,2.0,16.0,2.0
2016-06-03_9:35:16,0.0,0.0,3.0,-1.0,-5.0,-1.0,1.0,-1.0,-5.0,3.0,9.0,0.0
2016-06-03_9:35:20,-6.0,3.0,-1.0,1.0,-5.0,-5.0,0.0,-3.0,-3.0,2.0,35.0,2.0
2016-06-03_9:35:25,-7.0,3.0,6.0,-4.0,-8.0,0.0,-7.0,2.0,5.0,6.0,35.0,0.0
2016-06-03_9:35:30,-3.0,-4.0,5.0,-5.0,-6.0,-3.0,2.0,0.0,-3.0,5.0,33.0,-1.0
2016-06-03_9:35:34,0.0,0.0,-1.0,0.0,-7.0,-3.0,-2.0,-4.0,0.0,2.0,23.0,2.0
2016-06-03_9:35:39,-2.0,-4.0,-3.0,-5.0,-10.0,-4.0,-1.0,-5.0,-2.0,2.0,24.0,-1.0
2016-06-03_9:35:43,-1.0,0.0,6.0,-4.0,-7.0,-3.0,5.0,0.0,1.0,2.0,3.0,0.0
2016-06-03_9:35:48,-10.0,-3.0,-3.0,-5.0,-4.0,-2.0,-1.0,0.0,4.0,-2.0,2.0,-1.0
2016-06-03_9:35:53,-3.0,0.0,2.0,-3.0,-6.0,-12.0,-1.0,-3.0,0.0,4.0,0.0,-2.0
2016-06-03_9:35:57,-1.0,-3.0,0.0,-2.0,-6.0,-4.0,-2.0,1.0,3.0,4.0,-6.0,3.0
2016-06-03_9:36:02,-6.0,1.0,4.0,-2.0,-9.0,-5.0,-3.0,-2.0,0.0,2.0,5.0,-2.0
2016-06-03_9:36:06,-4.0,-1.0,0.0,-2.0,-5.0,-2.0,-3.0,-4.0,2.0,3.0,2.0,-2.0
2016-06-03_9:36:11,-6.0,1.0,6.0,0.0,-8.0,-4.0,-2.0,2.0,1.0,3.0,-2.0,3.0
2016-06-03_9:36:15,-3.0,-4.0,3.0,2.0,-4.0,0.0,0.0,-8.0,0.0,0.0,3.0,0.0
2016-06-03_9:36:20,-10.0,1.0,2.0,-1.0,-8.0,0.0,0.0,-4.0,-5.0,5.0,13.0,0.0
2016-06-03_9:36:25,-7.0,3.0,4.0,0.0,-1.0,0.0,-2.0,-3.0,-4.0,-2.0,-2.0,3.0
2016-06-03_9:36:29,-5.0,1.0,0.0,2.0,-5.0,-2.0,-1.0,-2.0,0.0,5.0,7.0,-1.0
2016-06-03_9:36:34,-4.0,0.0,4.0,-2.0,-6.0,-2.0,0.0,-4.0,-9.0,7.0,16.0,-5.0
2016-06-03_9:36:38,-5.0,1.0,4.0,-4.0,-3.0,-1.0,-3.0,-2.0,-1.0,4.0,8.0,-1.0
2016-06-03_9:36:43,-2.0,-1.0,1.0,-4.0,-9.0,-2.0,3.0,1.0,-6.0,1.0,0.0,4.0
2016-06-03_9:36:47,-6.0,1.0,1.0,0.0,-12.0,-2.0,-3.0,-2.0,2.0,3.0,3.0,-2.0
2016-06-03_9:36:52,-7.0,-1.0,-1.0,-4.0,-5.0,-1.0,1.0,0.0,-12.0,0.0,4.0,1.0
2016-06-03_9:36:57,-4.0,-1.0,5.0,-2.0,-7.0,-5.0,-4.0,-3.0,5.0,3.0,3.0,-4.0
2016-06-03_9:37:01,-5.0,-2.0,1.0,-6.0,-6.0,3.0,-3.0,-4.0,-5.0,1.0,4.0,-4.0
2016-06-03_9:37:06,-1.0,0.0,0.0,-2.0,-7.0,-1.0,1.0,6.0,-5.0,-4.0,7.0,0.0
2016-06-03_9:37:10,-1.0,-4.0,1.0,-5.0,-5.0,-6.0,-3.0,2.0,2.0,-3.0,4.0,8.0
2016-06-03_9:37:15,-5.0,11.0,2.0,2.0,-6.0,-2.0,3.0,-3.0,1.0,4.0,2.0,0.0
2016-06-03_9:37:19,-5.0,-3.0,0.0,0.0,-7.0,-3.0,-1.0,0.0,0.0,2.0,4.0,5.0
2016-06-03_9:37:24,-7.0,3.0,2.0,-4.0,-10.0,-3.0,-5.0,-2.0,-6.0,9.0,14.0,-1.0
2016-06-03_9:37:29,-3.0,-2.0,5.0,-2.0,3.0,-2.0,1.0,-2.0,-5.0,2.0,1.0,3.0
2016-06-03_9:37:33,-10.0,-3.0,2.0,1.0,-6.0,-1.0,-2.0,1.0,-7.0,4.0,4.0,-3.0
2016-06-03_9:37:38,-3.0,-3.0,6.0,-4.0,-7.0,0.0,-1.0,-2.0,-1.0,2.0,-6.0,5.0
2016-06-03_9:37:42,-1.0,3.0,7.0,-6.0,-9.0,-2.0,-1.0,4.0,0.0,3.0,3.0,-4.0
2016-06-03_9:37:47,-2.0,-1.0,2.0,1.0,-4.0,-1.0,4.0,-3.0,-3.0,5.0,10.0,-1.0
2016-06-03_9:37:52,-6.0,4.0,8.0,-4.0,-8.0,-4.0,-3.0,-5.0,-9.0,-2.0,-2.0,1.0
2016-06-03_9:37:56,-4.0,3.0,5.0,-3.0,-3.0,0.0,0.0,-2.0,-2.0,4.0,7.0,6.0
2016-06-03_9:38:01,-2.0,0.0,1.0,-6.0,-3.0,1.0,-4.0,3.0,-1.0,2.0,9.0,5.0
2016-06-03_9:38:05,-2.0,0.0,2.0,-4.0,-4.0,2.0,5.0,0.0,-4.0,-1.0,6.0,4.0
2016-06-03_9:38:10,-1.0,3.0,5.0,3.0,-6.0,-6.0,0.0,1.0,-5.0,0.0,1.0,0.0
2016-06-03_9:38:14,-2.0,2.0,2.0,-3.0,-9.0,-2.0,4.0,-5.0,0.0,1.0,0.0,2.0
2016-06-03_9:38:19,-4.0,2.0,-1.0,-2.0,-5.0,-2.0,-5.0,4.0,2.0,-2.0,2.0,-6.0
2016-06-03_9:38:24,-6.0,-1.0,4.0,1.0,-1.0,2.0,-11.0,1.0,-2.0,-1.0,27.0,2.0
2016-06-03_9:38:28,-17.0,0.0,2.0,-5.0,-7.0,0.0,-2.0,0.0,-2.0,4.0,20.0,6.0
2016-06-03_9:38:33,-4.0,-4.0,-1.0,-2.0,-1.0,-2.0,-2.0,0.0,0.0,6.0,24.0,-2.0
2016-06-03_9:38:37,-8.0,-1.0,2.0,1.0,-4.0,-5.0,-3.0,-1.0,-2.0,3.0,15.0,1.0
2016-06-03_9:38:42,-5.0,3.0,1.0,-6.0,-11.0,3.0,4.0,-1.0,-7.0,11.0,20.0,-1.0
2016-06-03_9:38:46,-7.0,2.0,4.0,-6.0,-8.0,-1.0,4.0,-2.0,1.0,5.0,-3.0,1.0
2016-06-03_9:38:51,-4.0,0.0,2.0,-2.0,-7.0,0.0,3.0,-2.0,-4.0,2.0,6.0,-3.0
2016-06-03_9:38:56,-4.0,-2.0,5.0,-4.0,-9.0,1.0,-5.0,3.0,-6.0,0.0,-8.0,-4.0
2016-06-03_9:39:00,-8.0,4.0,0.0,-1.0,-7.0,-2.0,1.0,-1.0,-1.0,4.0,-5.0,-4.0
2016-06-03_9:39:05,-1.0,-1.0,5.0,0.0,-6.0,-8.0,0.0,1.0,-1.0,2.0,0.0,2.0
2016-06-03_9:39:09,-3.0,2.0,1.0,-5.0,-7.0,2.0,1.0,-2.0,8.0,-2.0,1.0,-1.0
2016-06-03_9:39:14,-5.0,0.0,7.0,-1.0,-3.0,-2.0,-1.0,2.0,-6.0,3.0,-4.0,3.0
2016-06-03_9:39:18,-6.0,-2.0,-1.0,4.0,-5.0,-5.0,7.0,-5.0,-2.0,2.0,-6.0,-1.0
2016-06-03_9:39:23,1.0,3.0,6.0,-3.0,-8.0,-2.0,-2.0,2.0,-6.0,6.0,2.0,2.0
2016-06-03_9:39:28,0.0,4.0,7.0,-1.0,-2.0,-3.0,1.0,-1.0,-2.0,2.0,-2.0,-1.0
2016-06-03_9:39:32,-10.0,-1.0,3.0,0.0,-3.0,-3.0,-1.0,1.0,-4.0,3.0,-7.0,5.0
2016-06-03_9:39:37,-4.0,4.0,-3.0,2.0,-6.0,2.0,-2.0,-14.0,-2.0,5.0,-4.0,-6.0
2016-06-03_9:39:41,-4.0,2.0,1.0,2.0,-6.0,-4.0,-4.0,-2.0,-5.0,4.0,-6.0,-2.0
2016-06-03_9:39:46,-9.0,-2.0,3.0,1.0,-8.0,-9.0,-3.0,-1.0,1.0,3.0,-9.0,-2.0
2016-06-03_9:39:50,0.0,0.0,2.0,0.0,-4.0,-1.0,5.0,-1.0,-2.0,5.0,-1.0,1.0
2016-06-03_9:39:55,1.0,0.0,5.0,-2.0,-5.0,1.0,1.0,-1.0,-5.0,5.0,7.0,-2.0
2016-06-03_9:40:00,-14.0,-2.0,-1.0,1.0,-4.0,-3.0,-3.0,2.0,-6.0,0.0,1.0,-4.0
2016-06-03_9:40:04,0.0,0.0,0.0,0.0,0.0,0.0,0.0,0.0,0.0,0.0,0.0,0.0
