7.00,18.5:12:54,95640598,0,17.00,0.00,0.00,17.00,18.16,17.98,0.00,0.00,0.00,1.98,0.00,1.00,0.00,488.00,1.00,20.51,
2016-12-01_15:12:54,95640660,0,17.00,0.00,0.00,17.00,18.12,17.98,0.00,0.00,0.00,1.98,0.00,1.00,0.00,488.00,3.00,20.51,
2016-12-01_15:12:54,95640723,0,17.00,0.00,0.00,17.00,18.12,17.84,0.00,0.00,0.00,1.98,0.00,1.00,0.00,488.00,3.00,20.51,
2016-12-01_15:12:54,95640785,0,17.00,0.00,0.00,17.00,18.20,17.84,0.00,0.00,0.00,1.98,0.00,1.00,0.00,488.00,1.00,20.51,
2016-12-01_15:12:54,95640847,0,17.00,0.00,0.00,17.00,18.20,18.00,0.00,0.00,0.00,1.98,0.00,1.00,0.00,487.00,2.00,20.51,
2016-12-01_15:12:54,95640909,0,17.00,0.00,0.00,17.00,18.20,18.00,0.00,0.00,0.00,1.98,0.00,1.00,0.00,488.00,2.00,20.51,
2016-12-01_15:12:54,95640972,0,17.00,0.00,0.00,17.00,18.20,18.00,0.00,0.00,0.00,1.98,0.00,1.00,0.00,488.00,2.00,20.51,
2016-12-01_15:12:54,95641034,0,17.00,0.00,0.00,17.00,18.20,18.24,0.00,0.00,0.00,1.98,0.00,1.00,0.00,488.00,2.00,20.51,
2016-12-01_15:12:54,95641097,0,17.00,0.00,0.00,17.00,18.12,18.24,0.00,0.00,0.00,1.98,0.00,1.00,0.00,487.00,4.00,20.51,
2016-12-01_15:12:54,95641159,0,17.00,0.00,0.00,17.00,18.12,17.98,0.00,0.00,0.00,1.98,0.00,1.00,0.00,487.00,1.00,20.51,
2016-12-01_15:12:55,95641222,0,17.00,0.00,0.00,17.00,18.20,17.98,0.00,0.00,0.00,1.98,0.00,1.00,0.00,488.00,2.00,20.51,
2016-12-01_15:12:55,95641284,0,17.00,0.00,0.00,17.00,18.20,17.90,0.00,0.00,0.00,1.98,0.00,1.00,0.00,488.00,3.00,20.51,
2016-12-01_15:12:55,95641347,0,17.00,0.00,0.00,17.00,18.20,17.90,0.00,0.00,0.00,1.98,0.00,1.00,0.00,487.00,1.00,20.51,
2016-12-01_15:12:55,95641409,0,17.00,0.00,0.00,17.00,18.14,17.90,0.00,0.00,0.00,1.98,0.00,1.00,0.00,488.00,3.00,20.51,
2016-12-01_15:12:55,95641472,0,17.00,0.00,0.00,17.00,18.14,18.36,0.00,0.00,0.00,1.98,0.00,1.00,0.00,488.00,3.00,20.51,
2016-12-01_15:12:55,95641534,0,17.00,0.00,0.00,16.00,18.12,18.36,0.00,0.00,0.00,1.98,0.00,1.00,0.00,488.00,5.00,20.51,
2016-12-01_15:12:55,95641596,0,16.00,0.00,0.00,17.00,18.12,18.00,0.00,0.00,0.00,1.98,0.00,1.00,0.00,487.00,1.00,20.51,
2016-12-01_15:12:55,95641659,0,17.00,0.00,0.00,17.00,18.12,18.00,0.00,0.00,0.00,1.98,0.00,1.00,0.00,488.00,3.00,20.51,
2016-12-01_15:12:55,95641721,0,17.00,0.00,0.00,17.00,18.30,18.00,0.00,0.00,0.00,1.98,0.00,1.00,0.00,486.00,4.00,20.51,
2016-12-01_15:12:55,95641784,0,17.00,0.00,0.00,17.00,18.30,17.90,0.00,0.00,0.00,1.98,0.00,1.00,0.00,487.00,4.00,20.51,
2016-12-01_15:12:55,95641845,0,17.00,0.00,0.00,17.00,18.24,17.90,0.00,0.00,0.00,1.98,0.00,1.00,0.00,487.00,3.00,20.51,
2016-12-01_15:12:55,95641908,0,17.00,0.00,0.00,17.00,18.24,17.88,0.00,0.00,0.00,1.98,0.00,1.00,0.00,487.00,2.00,20.02,
2016-12-01_15:12:55,95641970,0,17.00,0.00,0.00,17.00,18.28,17.88,0.00,0.00,0.00,1.98,0.00,1.00,0.00,489.00,3.00,20.51,
2016-12-01_15:12:55,95642033,0,17.00,0.00,0.00,16.00,18.28,17.80,0.00,0.00,0.00,1.98,0.00,1.00,0.00,488.00,3.00,20.02,
2016-12-01_15:12:55,95642095,0,16.00,0.00,0.00,17.00,18.28,17.80,0.00,0.00,0.00,1.98,0.00,1.00,0.00,488.00,1.00,20.51,
2016-12-01_15:12:55,95642158,0,17.00,0.00,0.00,16.00,18.28,17.80,0.00,0.00,0.00,1.98,0.00,1.00,0.00,488.00,2.00,20.51,
2016-12-01_15:12:56,95642220,0,16.00,0.00,0.00,17.00,18.28,17.88,0.00,0.00,0.00,1.98,0.00,1.00,0.00,486.00,2.00,20.51,
2016-12-01_15:12:56,95642283,0,17.00,0.00,0.00,17.00,18.16,17.88,0.00,0.00,0.00,1.98,0.00,1.00,0.00,488.00,3.00,20.51,
2016-12-01_15:12:56,95642345,0,17.00,0.00,0.00,17.00,18.16,17.80,0.00,0.00,0.00,1.98,0.00,1.00,0.00,488.00,4.00,20.51,
2016-12-01_15:12:56,95642407,0,17.00,0.00,0.00,17.00,18.38,17.80,0.00,0.00,0.00,1.98,0.00,1.00,0.00,487.00,3.00,20.51,
2016-12-01_15:12:56,95642470,0,17.00,0.00,0.00,17.00,18.38,18.02,0.00,0.00,0.00,1.98,0.00,1.00,0.00,488.00,1.00,20.51,
2016-12-01_15:12:56,95642532,0,17.00,0.00,0.00,16.00,18.38,18.02,0.00,0.00,0.00,1.98,0.00,1.00,0.00,488.00,4.00,20.02,
2016-12-01_15:12:56,95642595,0,16.00,0.00,0.00,17.00,18.26,18.02,0.00,0.00,0.00,1.98,0.00,1.00,0.00,488.00,3.00,20.51,
2016-12-01_15:12:56,95642657,0,17.00,0.00,0.00,17.00,18.26,18.04,0.00,0.00,0.00,1.98,0.00,1.00,0.00,487.00,2.00,20.51,
2016-12-01_15:12:56,95642720,0,17.00,0.00,0.00,17.00,18.18,18.04,0.00,0.00,0.00,1.98,0.00,1.00,0.00,488.00,3.00,20.51,
2016-12-01_15:12:56,95642782,0,17.00,0.00,0.00,17.00,18.18,17.96,0.00,0.00,0.00,1.98,0.00,1.00,0.00,488.00,3.00,20.51,
2016-12-01_15:12:56,95642844,0,17.00,0.00,0.00,17.00,18.24,17.96,0.00,0.00,0.00,1.98,0.00,1.00,0.00,488.00,3.00,20.51,
2016-12-01_15:12:56,95642906,0,17.00,0.00,0.00,17.00,18.24,17.72,0.00,0.00,0.00,1.98,0.00,1.00,0.00,487.00,2.00,20.51,
2016-12-01_15:12:56,95642969,0,17.00,0.00,0.00,17.00,18.24,17.72,0.00,0.00,0.00,1.98,0.00,1.00,0.00,488.00,3.00,21.00,
2016-12-01_15:12:56,95643031,0,17.00,0.00,0.00,17.00,18.20,17.72,0.00,0.00,0.00,1.98,0.00,1.00,0.00,487.00,3.00,20.51,
2016-12-01_15:12:56,95643094,0,17.00,0.00,0.00,16.00,18.20,17.78,0.00,0.00,0.00,1.98,0.00,1.00,0.00,489.00,3.00,19.53,
2016-12-01_15:12:56,95643156,0,16.00,0.00,0.00,17.00,18.24,17.78,0.00,0.00,0.00,1.98,0.00,1.00,0.00,489.00,6.00,20.51,
2016-12-01_15:12:57,95643218,0,17.00,0.00,0.00,17.00,18.24,17.50,0.00,0.00,0.00,1.98,0.00,1.00,0.00,488.00,3.00,20.51,
2016-12-01_15:12:57,95643281,0,17.00,0.00,0.00,17.00,18.24,17.50,0.00,0.00,0.00,1.98,0.00,1.00,0.00,489.00,2.00,20.51,
2016-12-01_15:12:57,95643343,0,17.00,0.00,0.00,17.00,18.42,17.78,0.00,0.00,0.00,1.98,0.00,1.00,0.00,488.00,2.00,20.51,
2016-12-01_15:12:57,95643406,0,17.00,0.00,0.00,17.00,18.42,17.78,0.00,0.00,0.00,1.98,0.00,1.00,0.00,488.00,4.00,20.51,
2016-12-01_15:12:57,95643468,0,17.00,0.00,0.00,16.00,18.36,17.78,0.00,0.00,0.00,1.98,0.00,1.00,0.00,488.00,3.00,20.51,
2016-12-01_15:12:57,95643531,0,16.00,0.00,0.00,17.00,18.36,17.92,0.00,0.00,0.00,1.98,0.00,1.00,0.00,487.00,2.00,20.51,
2016-12-01_15:12:57,95643593,0,17.00,0.00,0.00,17.00,18.24,17.92,0.00,0.00,0.00,1.98,0.00,1.00,0.00,488.00,3.00,20.51,
2016-12-01_15:12:57,95643656,0,17.00,0.00,0.00,17.00,18.24,18.12,0.00,0.00,0.00,1.98,0.00,1.00,0.00,488.00,3.00,20.51,
2016-12-01_15:12:57,95643718,0,17.00,0.00,0.00,17.00,18.24,18.12,0.00,0.00,0.00,1.98,0.00,1.00,0.00,488.00,2.00,20.51,
2016-12-01_15:12:57,95643781,0,17.00,0.00,0.00,17.00,18.34,17.96,0.00,0.00,0.00,1.98,0.00,1.00,0.00,488.00,3.00,20.51,
2016-12-01_15:12:57,95643842,0,17.00,0.00,0.00,17.00,18.34,17.96,0.00,0.00,0.00,1.98,0.00,1.00,0.00,488.00,3.00,20.51,
2016-12-01_15:12:57,95643905,0,17.00,0.00,0.00,17.00,18.44,17.96,0.00,0.00,0.00,1.98,0.00,1.00,0.00,487.00,4.00,20.51,
2016-12-01_15:12:57,95643967,0,17.00,0.00,0.00,17.00,18.44,18.12,0.00,0.00,0.00,1.98,0.00,1.00,0.00,488.00,4.00,20.02,
2016-12-01_15:12:57,95644029,0,17.00,0.00,0.00,17.00,18.30,18.12,0.00,0.00,0.00,1.98,0.00,1.00,0.00,488.00,3.00,20.51,
2016-12-01_15:12:57,95644092,0,17.00,0.00,0.00,17.00,18.30,18.18,0.00,0.00,0.00,1.98,0.00,1.00,0.00,488.00,4.00,20.51,
2016-12-01_15:12:57,95644154,0,17.00,0.00,0.00,17.00,18.30,18.18,0.00,0.00,0.00,1.98,0.00,1.00,0.00,488.00,4.00,20.51,
2016-12-01_15:12:57,95644217,0,17.00,0.00,0.00,16.00,18.28,18.18,0.00,0.00,0.00,1.98,0.00,1.00,0.00,487.00,2.00,20.51,
2016-12-01_15:12:58,95644279,0,16.00,0.00,0.00,17.00,18.28,18.06,0.00,0.00,0.00,1.98,0.00,1.00,0.00,488.00,2.00,20.51,
2016-12-01_15:12:58,95644342,0,17.00,0.00,0.00,16.00,18.20,18.06,0.00,0.00,0.00,1.98,0.00,1.00,0.00,489.00,5.00,20.51,
2016-12-01_15:12:58,95644404,0,16.00,0.00,0.00,17.00,18.20,18.28,0.00,0.00,0.00,1.98,0.00,1.00,0.00,488.00,3.00,20.51,
2016-12-01_15:12:58,95644467,0,17.00,0.00,0.00,17.00,18.20,18.28,0.00,0.00,0.00,1.98,0.00,1.00,0.00,487.00,1.00,20.51,
2016-12-01_15:12:58,95644529,0,17.00,0.00,0.00,17.00,18.10,18.30,0.00,0.00,0.00,1.98,0.00,1.00,0.00,488.00,3.00,20.02,
2016-12-01_15:12:58,95644592,0,17.00,0.00,0.00,17.00,18.10,18.30,0.00,0.00,0.00,1.98,0.00,1.00,0.00,488.00,3.00,20.51,
2016-12-01_15:12:58,95644654,0,17.00,0.00,0.00,17.00,18.14,18.30,0.00,0.00,0.00,1.98,0.00,1.00,0.00,487.00,3.00,20.51,
2016-12-01_15:12:58,95644717,0,17.00,0.00,0.00,17.00,18.14,18.34,0.00,0.00,0.00,1.98,0.00,1.00,0.00,488.00,1.00,20.02,
2016-12-01_15:12:58,95644779,0,17.00,0.00,0.00,17.00,18.20,18.34,0.00,0.00,0.00,1.98,0.00,1.00,0.00,486.00,3.00,20.51,
2016-12-01_15:12:58,95644840,0,17.00,0.00,0.00,17.00,18.20,18.32,0.00,0.00,0.00,1.98,0.00,1.00,0.00,488.00,2.00,20.51,
2016-12-01_15:12:58,95644903,0,17.00,0.00,0.00,17.00,18.20,18.32,0.00,0.00,0.00,1.98,0.00,1.00,0.00,488.00,3.00,20.51,
2016-12-01_15:12:58,95644965,0,17.00,0.00,0.00,17.00,18.24,17.90,0.00,0.00,0.00,1.98,0.00,1.00,0.00,487.00,1.00,20.51,
2016-12-01_15:12:58,95645028,0,17.00,0.00,0.00,17.00,18.24,17.90,0.00,0.00,0.00,1.98,0.00,1.00,0.00,488.00,3.00,20.02,
2016-12-01_15:12:58,95645090,0,17.00,0.00,0.00,16.00,18.18,17.90,0.00,0.00,0.00,1.98,0.00,1.00,0.00,488.00,3.00,20.51,
2016-12-01_15:12:58,95645153,0,16.00,0.00,0.00,17.00,18.18,17.94,0.00,0.00,0.00,1.98,0.00,1.00,0.00,487.00,3.00,20.51,
2016-12-01_15:12:58,95645215,0,17.00,0.00,0.00,16.00,18.34,17.94,0.00,0.00,0.00,1.98,0.00,1.00,0.00,487.00,3.00,20.51,
2016-12-01_15:12:59,95645278,0,16.00,0.00,0.00,17.00,18.34,18.10,0.00,0.00,0.00,1.98,0.00,1.00,0.00,488.00,3.00,20.51,
2016-12-01_15:12:59,95645340,0,17.00,0.00,0.00,17.00,18.34,18.10,0.00,0.00,0.00,1.98,0.00,1.00,0.00,488.00,4.00,20.51,
2016-12-01_15:12:59,95645403,0,17.00,0.00,0.00,17.00,18.42,17.82,0.00,0.00,0.00,1.98,0.00,1.00,0.00,488.00,6.00,20.51,
2016-12-01_15:12:59,95645465,0,17.00,0.00,0.00,17.00,18.42,17.82,0.00,0.00,0.00,1.98,0.00,1.00,0.00,488.00,3.00,20.51,
2016-12-01_15:12:59,95645528,0,17.00,0.00,0.00,17.00,18.36,17.82,0.00,0.00,0.00,1.98,0.00,1.00,0.00,489.00,2.00,21.00,
2016-12-01_15:12:59,95645590,0,17.00,0.00,0.00,16.00,18.36,17.82,0.00,0.00,0.00,1.98,0.00,1.00,0.00,488.00,2.00,20.02,
2016-12-01_15:12:59,95645652,0,16.00,0.00,0.00,17.00,18.36,17.82,0.00,0.00,0.00,1.98,0.00,1.00,0.00,488.00,2.00,20.51,
2016-12-01_15:12:59,95645715,0,17.00,0.00,0.00,17.00,18.46,17.58,0.00,0.00,0.00,1.98,0.00,1.00,0.00,487.00,3.00,20.51,
2016-12-01_15:12:59,95645777,0,17.00,0.00,0.00,17.00,18.46,17.58,0.00,0.00,0.00,1.98,0.00,1.00,0.00,489.00,1.00,20.51,
2016-12-01_15:12:59,95645839,0,17.00,0.00,0.00,17.00,18.48,17.60,0.00,0.00,0.00,1.98,0.00,1.00,0.00,488.00,2.00,20.02,
2016-12-01_15:12:59,95645901,0,17.00,0.00,0.00,17.00,18.48,17.60,0.00,0.00,0.00,1.98,0.00,1.00,0.00,488.00,3.00,21.00,
2016-12-01_15:12:59,95645964,0,17.00,0.00,0.00,17.00,18.32,17.60,0.00,0.00,0.00,1.98,0.00,1.00,0.00,486.00,2.00,20.51,
2016-12-01_15:12:59,95646026,0,17.00,0.00,0.00,17.00,18.32,18.32,0.00,0.00,0.00,1.98,0.00,1.00,0.00,486.00,3.00,20.51,
2016-12-01_15:12:59,95646089,0,17.00,0.00,0.00,16.00,18.32,18.32,0.00,0.00,0.00,1.98,0.00,1.00,0.00,489.00,4.00,19.53,
2016-12-01_15:12:59,95646151,0,16.00,0.00,0.00,16.00,18.34,18.10,0.00,0.00,0.00,1.98,0.00,1.00,0.00,488.00,3.00,20.51,
2016-12-01_15:12:59,95646214,0,16.00,0.00,0.00,17.00,18.34,18.10,0.00,0.00,0.00,1.98,0.00,1.00,0.00,488.00,4.00,20.02,
2016-12-01_15:13:00,95646276,0,17.00,0.00,0.00,17.00,18.38,18.10,0.00,0.00,0.00,1.98,0.00,1.00,0.00,488.00,2.00,20.51,
2016-12-01_15:13:00,95646339,0,17.00,0.00,0.00,17.00,18.38,17.94,0.00,0.00,0.00,1.98,0.00,1.00,0.00,488.00,3.00,20.51,
2016-12-01_15:13:00,95646401,0,17.00,0.00,0.00,17.00,18.46,17.94,0.00,0.00,0.00,1.98,0.00,1.00,0.00,487.00,3.00,20.51,
2016-12-01_15:13:00,95646464,0,17.00,0.00,0.00,17.00,18.46,18.00,0.00,0.00,0.00,1.98,0.00,1.00,0.00,488.00,0.00,20.51,
2016-12-01_15:13:00,95646526,0,17.00,0.00,0.00,17.00,18.46,18.00,0.00,0.00,0.00,1.98,0.00,1.00,0.00,489.00,6.00,20.51,
2016-12-01_15:13:00,95646588,0,17.00,0.00,0.00,16.00,18.48,18.00,0.00,0.00,0.00,1.98,0.00,1.00,0.00,488.00,4.00,19.53,
2016-12-01_15:13:00,95646651,0,16.00,0.00,0.00,17.00,18.48,18.00,0.00,0.00,0.00,1.98,0.00,1.00,0.00,488.00,1.00,20.51,
2016-12-01_15:13:00,95646713,0,17.00,0.00,0.00,17.00,18.44,18.00,0.00,0.00,0.00,1.98,0.00,1.00,0.00,488.00,4.00,20.51,
2016-12-01_15:13:00,95646776,0,17.00,0.00,0.00,16.00,18.44,18.02,0.00,0.00,0.00,1.98,0.00,1.00,0.00,489.00,2.00,20.02,
2016-12-01_15:13:00,95646837,0,16.00,0.00,0.00,17.00,18.44,18.02,0.00,0.00,0.00,1.98,0.00,1.00,0.00,487.00,3.00,20.51,
2016-12-01_15:13:00,95646900,0,17.00,0.00,0.00,17.00,18.24,18.14,0.00,0.00,0.00,1.98,0.00,1.00,0.00,487.00,1.00,20.51,
2016-12-01_15:13:00,95646962,0,17.00,0.00,0.00,17.00,18.24,18.14,0.00,0.00,0.00,1.98,0.00,1.00,0.00,487.00,3.00,20.51,
2016-12-01_15:13:00,95647025,0,17.00,0.00,0.00,17.00,18.20,18.06,0.00,0.00,0.00,1.98,0.00,1.00,0.00,488.00,1.00,20.51,
2016-12-01_15:13:00,95647087,0,17.00,0.00,0.00,17.00,18.20,18.06,0.00,0.00,0.00,1.98,0.00,1.00,0.00,488.00,4.00,19.53,
2016-12-01_15:13:00,95647150,0,17.00,0.00,0.00,15.00,18.42,18.06,0.00,0.00,0.00,1.98,0.00,1.00,0.00,489.00,3.00,20.51,
2016-12-01_15:13:00,95647212,0,15.00,0.00,0.00,17.00,18.42,18.12,0.00,0.00,0.00,1.98,0.00,1.00,0.00,488.00,4.00,20.51,
2016-12-01_15:13:01,95647275,0,17.00,0.00,0.00,17.00,18.42,18.12,0.00,0.00,0.00,1.98,0.00,1.00,0.00,489.00,2.00,20.51,
2016-12-01_15:13:01,95647337,0,17.00,0.00,0.00,17.00,18.38,17.64,0.00,0.00,0.00,1.98,0.00,1.00,0.00,488.00,3.00,20.51,
2016-12-01_15:13:01,95647399,0,17.00,0.00,0.00,17.00,18.38,17.64,0.00,0.00,0.00,1.98,0.00,1.00,0.00,489.00,6.00,20.51,
2016-12-01_15:13:01,95647462,0,17.00,0.00,0.00,17.00,18.36,18.30,0.00,0.00,0.00,1.98,0.00,1.00,0.00,488.00,4.00,20.51,
2016-12-01_15:13:01,95647524,0,17.00,0.00,0.00,16.00,18.36,18.30,0.00,0.00,0.00,1.98,0.00,1.00,0.00,488.00,2.00,20.51,
2016-12-01_15:13:01,95647587,0,16.00,0.00,0.00,17.00,18.44,18.30,0.00,0.00,0.00,1.98,0.00,1.00,0.00,488.00,3.00,20.51,
2016-12-01_15:13:01,95647649,0,17.00,0.00,0.00,16.00,18.44,18.02,0.00,0.00,0.00,1.98,0.00,1.00,0.00,489.00,4.00,20.51,
2016-12-01_15:13:01,95647712,0,16.00,0.00,0.00,17.00,18.44,18.02,0.00,0.00,0.00,1.98,0.00,1.00,0.00,489.00,3.00,20.51,
2016-12-01_15:13:01,95647774,0,17.00,0.00,0.00,16.00,18.50,18.04,0.00,0.00,0.00,1.98,0.00,1.00,0.00,487.00,2.00,20.02,
2016-12-01_15:13:01,95647836,0,16.00,0.00,0.00,17.00,18.50,18.04,0.00,0.00,0.00,1.98,0.00,1.00,0.00,488.00,3.00,20.02,
2016-12-01_15:13:01,95647898,0,17.00,0.00,0.00,17.00,18.36,17.96,0.00,0.00,0.00,1.98,0.00,1.00,0.00,489.00,3.00,20.51,
2016-12-01_15:13:01,95647961,0,17.00,0.00,0.00,17.00,18.36,17.96,0.00,0.00,0.00,1.98,0.00,1.00,0.00,488.00,4.00,20.02,
2016-12-01_15:13:01,95648023,0,17.00,0.00,0.00,17.00,18.36,17.96,0.00,0.00,0.00,1.98,0.00,1.00,0.00,489.00,2.00,20.51,
2016-12-01_15:13:01,95648086,0,17.00,0.00,0.00,17.00,18.16,17.92,0.00,0.00,0.00,1.98,0.00,1.00,0.00,488.00,2.00,20.51,
2016-12-01_15:13:01,95648148,0,17.00,0.00,0.00,16.00,18.16,17.92,0.00,0.00,0.00,1.98,0.00,1.00,0.00,489.00,1.00,20.51,
2016-12-01_15:13:01,95648210,0,16.00,0.00,0.00,17.00,18.06,17.84,0.00,0.00,0.00,1.98,0.00,1.00,0.00,489.00,2.00,20.02,
2016-12-01_15:13:02,95648273,0,17.00,0.00,0.00,17.00,18.06,17.84,0.00,0.00,0.00,1.98,0.00,1.00,0.00,488.00,2.00,20.51,
2016-12-01_15:13:02,95648335,0,17.00,0.00,0.00,17.00,18.08,17.84,0.00,0.00,0.00,1.98,0.00,1.00,0.00,488.00,3.00,20.51,
2016-12-01_15:13:02,95648398,0,17.00,0.00,0.00,17.00,18.08,18.12,0.00,0.00,0.00,1.98,0.00,1.00,0.00,487.00,1.00,20.51,
2016-12-01_15:13:02,95648460,0,17.00,0.00,0.00,17.00,18.08,18.12,0.00,0.00,0.00,1.98,0.00,1.00,0.00,488.00,3.00,20.51,
2016-12-01_15:13:02,95648523,0,17.00,0.00,0.00,17.00,18.26,17.96,0.00,0.00,0.00,1.98,0.00,1.00,0.00,487.00,5.00,20.51,
2016-12-01_15:13:02,95648585,0,17.00,0.00,0.00,17.00,18.26,17.96,0.00,0.00,0.00,1.98,0.00,1.00,0.00,488.00,2.00,20.51,
2016-12-01_15:13:02,95648648,0,17.00,0.00,0.00,16.00,18.30,18.10,0.00,0.00,0.00,1.98,0.00,1.00,0.00,488.00,4.00,20.51,
2016-12-01_15:13:02,95648710,0,16.00,0.00,0.00,16.00,18.30,18.10,0.00,0.00,0.00,1.98,0.00,1.00,0.00,489.00,3.00,20.51,
2016-12-01_15:13:02,95648773,0,16.00,0.00,0.00,17.00,18.32,18.10,0.00,0.00,0.00,1.98,0.00,1.00,0.00,489.00,3.00,20.51,
2016-12-01_15:13:02,95648834,0,17.00,0.00,0.00,17.00,18.32,18.08,0.00,0.00,0.00,1.98,0.00,1.00,0.00,488.00,3.00,20.51,
2016-12-01_15:13:02,95648897,0,17.00,0.00,0.00,17.00,18.32,18.08,0.00,0.00,0.00,1.98,0.00,1.00,0.00,488.00,3.00,20.02,
2016-12-01_15:13:02,95648959,0,17.00,0.00,0.00,17.00,18.30,17.76,0.00,0.00,0.00,1.98,0.00,1.00,0.00,488.00,6.00,20.02,
2016-12-01_15:13:02,95649021,0,17.00,0.00,0.00,17.00,18.30,17.76,0.00,0.00,0.00,1.98,0.00,1.00,0.00,487.00,3.00,20.51,
2016-12-01_15:13:02,95649084,0,17.00,0.00,0.00,17.00,18.30,17.60,0.00,0.00,0.00,1.98,0.00,1.00,0.00,488.00,5.00,20.51,
2016-12-01_15:13:02,95649146,0,17.00,0.00,0.00,17.00,18.30,17.60,0.00,0.00,0.00,1.98,0.00,1.00,0.00,487.00,3.00,20.51,
2016-12-01_15:13:02,95649209,0,17.00,0.00,0.00,16.00,18.30,17.60,0.00,0.00,0.00,1.98,0.00,1.00,0.00,489.00,2.00,20.02,
2016-12-01_15:13:03,95649271,0,16.00,0.00,0.00,17.00,18.18,18.48,0.00,0.00,0.00,1.98,0.00,1.00,0.00,487.00,3.00,20.51,
2016-12-01_15:13:03,95649334,0,17.00,0.00,0.00,17.00,18.18,18.48,0.00,0.00,0.00,1.98,0.00,1.00,0.00,488.00,3.00,20.51,
2016-12-01_15:13:03,95649396,0,17.00,0.00,0.00,17.00,18.18,18.48,0.00,0.00,0.00,1.98,0.00,1.00,0.00,488.00,3.00,20.51,
2016-12-01_15:13:03,95649459,0,17.00,0.00,0.00,16.00,18.18,18.48,0.00,0.00,0.00,1.98,0.00,1.00,0.00,488.00,3.00,20.51,
2016-12-01_15:13:03,95649521,0,16.00,0.00,0.00,17.00,18.22,18.50,0.00,0.00,0.00,1.98,0.00,1.00,0.00,489.00,2.00,20.51,
2016-12-01_15:13:03,95649584,0,17.00,0.00,0.00,17.00,18.22,18.50,0.00,0.00,0.00,1.98,0.00,1.00,0.00,487.00,1.00,20.51,
2016-12-01_15:13:03,95649646,0,17.00,0.00,0.00,17.00,18.22,18.50,0.00,0.00,0.00,1.98,0.00,1.00,0.00,487.00,2.00,20.02,
2016-12-01_15:13:03,95649709,0,17.00,0.00,0.00,15.00,18.14,18.02,0.00,0.00,0.00,1.98,0.00,1.00,0.00,488.00,3.00,20.02,
2016-12-01_15:13:03,95649771,0,15.00,0.00,0.00,17.00,18.14,18.02,0.00,0.00,0.00,1.98,0.00,1.00,0.00,487.00,2.00,20.02,
2016-12-01_15:13:03,95649832,0,17.00,0.00,0.00,17.00,18.24,18.14,0.00,0.00,0.00,1.98,0.00,1.00,0.00,487.00,3.00,20.51,
2016-12-01_15:13:03,95649895,0,17.00,0.00,0.00,17.00,18.24,18.14,0.00,0.00,0.00,1.98,0.00,1.00,0.00,487.00,2.00,20.51,
2016-12-01_15:13:03,95649957,0,17.00,0.00,0.00,16.00,18.18,17.62,0.00,0.00,0.00,1.98,0.00,1.00,0.00,488.00,3.00,20.51,
2016-12-01_15:13:03,95650020,0,16.00,0.00,0.00,17.00,18.18,17.62,0.00,0.00,0.00,1.98,0.00,1.00,0.00,488.00,4.00,20.51,
2016-12-01_15:13:03,95650082,0,17.00,0.00,0.00,17.00,18.18,17.62,0.00,0.00,0.00,1.98,0.00,1.00,0.00,489.00,3.00,21.00,
2016-12-01_15:13:03,95650145,0,17.00,0.00,0.00,17.00,18.26,17.94,0.00,0.00,0.00,1.98,0.00,1.00,0.00,488.00,3.00,20.51,
2016-12-01_15:13:03,95650207,0,17.00,0.00,0.00,15.00,18.26,17.94,0.00,0.00,0.00,1.98,0.00,1.00,0.00,488.00,3.00,20.02,
2016-12-01_15:13:04,95650270,0,15.00,0.00,0.00,17.00,18.12,18.02,0.00,0.00,0.00,1.98,0.00,1.00,0.00,488.00,0.00,20.51,
2016-12-01_15:13:04,95650332,0,17.00,0.00,0.00,17.00,18.12,18.02,0.00,0.00,0.00,1.98,0.00,1.00,0.00,487.00,3.00,20.51,
2016-12-01_15:13:04,95650395,0,17.00,0.00,0.00,17.00,18.12,18.02,0.00,0.00,0.00,1.98,0.00,1.00,0.00,488.00,0.00,20.51,
2016-12-01_15:13:04,95650457,0,17.00,0.00,0.00,16.00,18.12,17.98,0.00,0.00,0.00,1.98,0.00,1.00,0.00,488.00,3.00,20.02,
2016-12-01_15:13:04,95650520,0,16.00,0.00,0.00,17.00,18.12,17.98,0.00,0.00,0.00,1.98,0.00,1.00,0.00,488.00,3.00,20.51,
2016-12-01_15:13:04,95650582,0,17.00,0.00,0.00,17.00,18.12,18.02,0.00,0.00,0.00,1.98,0.00,1.00,0.00,488.00,3.00,20.51,
2016-12-01_15:13:04,95650644,0,17.00,0.00,0.00,17.00,18.12,18.02,0.00,0.00,0.00,1.98,0.00,1.00,0.00,489.00,2.00,20.51,
2016-12-01_15:13:04,95650707,0,17.00,0.00,0.00,16.00,18.26,18.32,0.00,0.00,0.00,1.98,0.00,1.00,0.00,488.00,3.00,20.51,
2016-12-01_15:13:04,95650769,0,16.00,0.00,0.00,17.00,18.26,18.32,0.00,0.00,0.00,1.98,0.00,1.00,0.00,490.00,4.00,20.51,
2016-12-01_15:13:04,95650831,0,17.00,0.00,0.00,17.00,18.26,18.32,0.00,0.00,0.00,1.98,0.00,1.00,0.00,488.00,2.00,20.51,
2016-12-01_15:13:04,95650893,0,17.00,0.00,0.00,17.00,18.32,17.90,0.00,0.00,0.00,1.98,0.00,1.00,0.00,488.00,3.00,20.51,
2016-12-01_15:13:04,95650956,0,17.00,0.00,0.00,17.00,18.32,17.90,0.00,0.00,0.00,1.98,0.00,1.00,0.00,489.00,3.00,20.51,
2016-12-01_15:13:04,95651018,0,17.00,0.00,0.00,17.00,18.36,17.70,0.00,0.00,0.00,1.98,0.00,1.00,0.00,488.00,2.00,20.51,
2016-12-01_15:13:04,95651081,0,17.00,0.00,0.00,17.00,18.36,17.70,0.00,0.00,0.00,1.98,0.00,1.00,0.00,488.00,2.00,20.51,
2016-12-01_15:13:04,95651143,0,17.00,0.00,0.00,17.00,18.46,17.94,0.00,0.00,0.00,1.98,0.00,1.00,0.00,487.00,3.00,20.51,
2016-12-01_15:13:04,95651206,0,17.00,0.00,0.00,17.00,18.46,17.94,0.00,0.00,0.00,1.98,0.00,1.00,0.00,488.00,2.00,20.51,
2016-12-01_15:13:05,95651268,0,17.00,0.00,0.00,16.00,18.46,17.94,0.00,0.00,0.00,1.98,0.00,1.00,0.00,490.00,2.00,20.02,
2016-12-01_15:13:05,95651331,0,16.00,0.00,0.00,17.00,18.38,18.10,0.00,0.00,0.00,1.98,0.00,1.00,0.00,488.00,3.00,20.51,
2016-12-01_15:13:05,95651393,0,17.00,0.00,0.00,17.00,18.38,18.10,0.00,0.00,0.00,1.98,0.00,1.00,0.00,487.00,2.00,20.51,
2016-12-01_15:13:05,95651456,0,17.00,0.00,0.00,15.00,18.28,17.74,0.00,0.00,0.00,1.98,0.00,1.00,0.00,491.00,3.00,20.51,
2016-12-01_15:13:05,95651518,0,15.00,0.00,0.00,17.00,18.28,17.74,0.00,0.00,0.00,1.98,0.00,1.00,0.00,487.00,3.00,20.51,
2016-12-01_15:13:05,95651580,0,17.00,0.00,0.00,17.00,18.28,17.88,0.00,0.00,0.00,1.98,0.00,1.00,0.00,487.00,3.00,20.51,
2016-12-01_15:13:05,95651643,0,17.00,0.00,0.00,17.00,18.22,17.88,0.00,0.00,0.00,1.98,0.00,1.00,0.00,487.00,2.00,20.51,
2016-12-01_15:13:05,95651705,0,17.00,0.00,0.00,17.00,18.22,17.88,0.00,0.00,0.00,1.98,0.00,1.00,0.00,487.00,2.00,20.51,
2016-12-01_15:13:05,95651768,0,17.00,0.00,0.00,17.00,18.28,18.30,0.00,0.00,0.00,1.98,0.00,1.00,0.00,487.00,4.00,20.02,
2016-12-01_15:13:05,95651829,0,17.00,0.00,0.00,17.00,18.28,18.30,0.00,0.00,0.00,1.98,0.00,1.00,0.00,487.00,4.00,20.51,
2016-12-01_15:13:05,95651892,0,17.00,0.00,0.00,17.00,18.52,18.16,0.00,0.00,0.00,1.98,0.00,1.00,0.00,489.00,1.00,20.02,
2016-12-01_15:13:05,95651954,0,17.00,0.00,0.00,17.00,18.52,18.16,0.00,0.00,0.00,1.98,0.00,1.00,0.00,488.00,3.00,20.51,
2016-12-01_15:13:05,95652017,0,17.00,0.00,0.00,17.00,18.52,17.88,0.00,0.00,0.00,1.98,0.00,1.00,0.00,488.00,3.00,20.02,
2016-12-01_15:13:05,95652079,0,17.00,0.00,0.00,17.00,18.40,17.88,0.00,0.00,0.00,1.98,0.00,1.00,0.00,488.00,3.00,20.51,
2016-12-01_15:13:05,95652142,0,17.00,0.00,0.00,17.00,18.40,17.88,0.00,0.00,0.00,1.98,0.00,1.00,0.00,488.00,3.00,20.51,
2016-12-01_15:13:05,95652204,0,17.00,0.00,0.00,17.00,18.38,17.88,0.00,0.00,0.00,1.98,0.00,1.00,0.00,488.00,3.00,20.51,
2016-12-01_15:13:06,95652267,0,17.00,0.00,0.00,17.00,18.38,17.88,0.00,0.00,0.00,1.98,0.00,1.00,0.00,488.00,4.00,21.00,
2016-12-01_15:13:06,95652329,0,17.00,0.00,0.00,15.00,18.38,17.94,0.00,0.00,0.00,1.98,0.00,1.00,0.00,490.00,6.00,20.02,
2016-12-01_15:13:06,95652391,0,15.00,0.00,0.00,18.00,18.38,17.94,0.00,0.00,0.00,1.98,0.00,1.00,0.00,488.00,2.00,20.02,
2016-12-01_15:13:06,95652454,0,18.00,0.00,0.00,17.00,18.38,17.94,0.00,0.00,0.00,1.98,0.00,1.00,0.00,488.00,4.00,20.51,
2016-12-01_15:13:06,95652516,0,17.00,0.00,0.00,17.00,18.38,18.10,0.00,0.00,0.00,1.98,0.00,1.00,0.00,488.00,3.00,20.51,
2016-12-01_15:13:06,95652579,0,17.00,0.00,0.00,17.00,18.38,18.10,0.00,0.00,0.00,1.98,0.00,1.00,0.00,488.00,1.00,20.51,
2016-12-01_15:13:06,95652641,0,17.00,0.00,0.00,17.00,18.18,17.74,0.00,0.00,0.00,1.98,0.00,1.00,0.00,488.00,3.00,20.51,
2016-12-01_15:13:06,95652704,0,17.00,0.00,0.00,17.00,18.18,17.74,0.00,0.00,0.00,1.98,0.00,1.00,0.00,488.00,5.00,20.51,
2016-12-01_15:13:06,95652766,0,17.00,0.00,0.00,16.00,18.18,18.18,0.00,0.00,0.00,1.98,0.00,1.00,0.00,487.00,6.00,20.51,
2016-12-01_15:13:06,95652828,0,16.00,0.00,0.00,15.00,18.28,18.18,0.00,0.00,0.00,1.98,0.00,1.00,0.00,491.00,1.00,20.51,
2016-12-01_15:13:06,95652890,0,15.00,0.00,0.00,18.00,18.28,18.18,0.00,0.00,0.00,1.98,0.00,1.00,0.00,490.00,3.00,20.51,
2016-12-01_15:13:06,95652953,0,18.00,0.00,0.00,18.00,18.20,18.16,0.00,0.00,0.00,1.98,0.00,1.00,0.00,486.00,1.00,20.51,
2016-12-01_15:13:06,95653015,0,18.00,0.00,0.00,16.00,18.20,18.16,0.00,0.00,0.00,1.98,0.00,1.00,0.00,488.00,3.00,20.02,
2016-12-01_15:13:06,95653078,0,16.00,0.00,0.00,17.00,18.38,18.16,0.00,0.00,0.00,1.98,0.00,1.00,0.00,488.00,2.00,20.51,
2016-12-01_15:13:06,95653140,0,17.00,0.00,0.00,15.00,18.38,18.16,0.00,0.00,0.00,1.98,0.00,1.00,0.00,490.00,7.00,20.51,
2016-12-01_15:13:06,95653202,0,15.00,0.00,0.00,17.00,18.38,18.12,0.00,0.00,0.00,1.98,0.00,1.00,0.00,487.00,2.00,20.51,
2016-12-01_15:13:07,95653265,0,17.00,0.00,0.00,17.00,18.40,18.12,0.00,0.00,0.00,1.98,0.00,1.00,0.00,487.00,2.00,20.51,
2016-12-01_15:13:07,95653327,0,17.00,0.00,0.00,17.00,18.40,18.12,0.00,0.00,0.00,1.98,0.00,1.00,0.00,488.00,4.00,20.51,
2016-12-01_15:13:07,95653390,0,17.00,0.00,0.00,17.00,18.38,17.96,0.00,0.00,0.00,1.98,0.00,1.00,0.00,491.00,3.00,21.00,
2016-12-01_15:13:07,95653452,0,17.00,0.00,0.00,17.00,18.38,17.96,0.00,0.00,0.00,1.98,0.00,1.00,0.00,488.00,2.00,20.51,
2016-12-01_15:13:07,95653515,0,17.00,0.00,0.00,17.00,18.34,18.12,0.00,0.00,0.00,1.98,0.00,1.00,0.00,487.00,6.00,20.02,
2016-12-01_15:13:07,95653577,0,17.00,0.00,0.00,19.00,18.34,18.12,0.00,0.00,0.00,1.98,0.00,1.00,0.00,487.00,4.00,20.51,
2016-12-01_15:13:07,95653640,0,19.00,0.00,0.00,17.00,18.34,18.16,0.00,0.00,0.00,1.98,0.00,1.00,0.00,488.00,2.00,20.51,
2016-12-01_15:13:07,95653702,0,17.00,0.00,0.00,18.00,18.26,18.16,0.00,0.00,0.00,1.98,0.00,1.00,0.00,488.00,3.00,20.51,
2016-12-01_15:13:07,95653765,0,18.00,0.00,0.00,15.00,18.26,18.16,0.00,0.00,0.00,1.98,0.00,1.00,0.00,489.00,1.00,20.02,
2016-12-01_15:13:07,95653826,0,15.00,0.00,0.00,17.00,18.22,17.92,0.00,0.00,0.00,1.98,0.00,1.00,0.00,488.00,1.00,20.51,
2016-12-01_15:13:07,95653889,0,17.00,0.00,0.00,17.00,18.22,17.92,0.00,0.00,0.00,1.98,0.00,1.00,0.00,491.00,2.00,20.51,
2016-12-01_15:13:07,95653951,0,17.00,0.00,0.00,17.00,18.22,17.88,0.00,0.00,0.00,1.98,0.00,1.00,0.00,488.00,3.00,20.02,
2016-12-01_15:13:07,95654013,0,17.00,0.00,0.00,17.00,18.10,17.88,0.00,0.00,0.00,1.98,0.00,1.00,0.00,488.00,2.00,20.02,
2016-12-01_15:13:07,95654076,0,17.00,0.00,0.00,17.00,18.10,17.88,0.00,0.00,0.00,1.98,0.00,1.00,0.00,488.00,2.00,20.51,
2016-12-01_15:13:07,95654138,0,17.00,0.00,0.00,17.00,18.30,17.88,0.00,0.00,0.00,1.98,0.00,1.00,0.00,488.00,1.00,20.51,
2016-12-01_15:13:07,95654201,0,17.00,0.00,0.00,18.00,18.30,17.88,0.00,0.00,0.00,1.98,0.00,1.00,0.00,488.00,3.00,20.51,
2016-12-01_15:13:08,95654263,0,18.00,0.00,0.00,17.00,18.48,17.94,0.00,0.00,0.00,1.98,0.00,1.00,0.00,488.00,3.00,20.51,
2016-12-01_15:13:08,95654326,0,17.00,0.00,0.00,17.00,18.48,17.94,0.00,0.00,0.00,1.98,0.00,1.00,0.00,487.00,3.00,20.51,
2016-12-01_15:13:08,95654388,0,17.00,0.00,0.00,16.00,18.48,18.36,0.00,0.00,0.00,1.98,0.00,1.00,0.00,493.00,3.00,20.02,
2016-12-01_15:13:08,95654451,0,16.00,0.00,0.00,17.00,18.36,18.36,0.00,0.00,0.00,1.98,0.00,1.00,0.00,488.00,0.00,20.02,
2016-12-01_15:13:08,95654513,0,17.00,0.00,0.00,17.00,18.36,18.36,0.00,0.00,0.00,1.98,0.00,1.00,0.00,488.00,3.00,20.51,
2016-12-01_15:13:08,95654576,0,17.00,0.00,0.00,17.00,18.40,18.10,0.00,0.00,0.00,1.98,0.00,1.00,0.00,489.00,2.00,21.00,
2016-12-01_15:13:08,95654638,0,17.00,0.00,0.00,17.00,18.40,18.10,0.00,0.00,0.00,1.98,0.00,1.00,0.00,488.00,2.00,20.51,
2016-12-01_15:13:08,95654701,0,17.00,0.00,0.00,17.00,18.38,18.14,0.00,0.00,0.00,1.98,0.00,1.00,0.00,487.00,3.00,20.51,
2016-12-01_15:13:08,95654763,0,17.00,0.00,0.00,17.00,18.38,18.14,0.00,0.00,0.00,1.98,0.00,1.00,0.00,487.00,3.00,20.51,
2016-12-01_15:13:08,95654824,0,17.00,0.00,0.00,17.00,18.38,17.88,0.00,0.00,0.00,1.98,0.00,1.00,0.00,487.00,1.00,20.51,
2016-12-01_15:13:08,95654887,0,17.00,0.00,0.00,17.00,18.36,17.88,0.00,0.00,0.00,1.98,0.00,1.00,0.00,491.00,3.00,20.51,
2016-12-01_15:13:08,95654949,0,17.00,0.00,0.00,17.00,18.36,17.88,0.00,0.00,0.00,1.98,0.00,1.00,0.00,488.00,3.00,20.51,
2016-12-01_15:13:08,95655012,0,17.00,0.00,0.00,17.00,18.32,18.14,0.00,0.00,0.00,1.98,0.00,1.00,0.00,488.00,3.00,20.02,
2016-12-01_15:13:08,95655074,0,17.00,0.00,0.00,16.00,18.32,18.14,0.00,0.00,0.00,1.98,0.00,1.00,0.00,488.00,3.00,20.51,
2016-12-01_15:13:08,95655137,0,16.00,0.00,0.00,16.00,18.32,17.90,0.00,0.00,0.00,1.98,0.00,1.00,0.00,489.00,3.00,20.51,
2016-12-01_15:13:08,95655199,0,16.00,0.00,0.00,17.00,18.22,17.90,0.00,0.00,0.00,1.98,0.00,1.00,0.00,488.00,3.00,20.51,
2016-12-01_15:13:09,95655262,0,17.00,0.00,0.00,18.00,18.22,18.08,0.00,0.00,0.00,1.98,0.00,1.00,0.00,487.00,3.00,20.51,
2016-12-01_15:13:09,95655324,0,18.00,0.00,0.00,17.00,18.20,18.08,0.00,0.00,0.00,1.98,0.00,1.00,0.00,487.00,3.00,20.02,
2016-12-01_15:13:09,95655387,0,17.00,0.00,0.00,16.00,18.20,18.08,0.00,0.00,0.00,1.98,0.00,1.00,0.00,493.00,4.00,20.51,
2016-12-01_15:13:09,95655449,0,16.00,0.00,0.00,16.00,18.28,18.14,0.00,0.00,0.00,1.98,0.00,1.00,0.00,489.00,3.00,20.51,
2016-12-01_15:13:09,95655512,0,16.00,0.00,0.00,17.00,18.28,18.14,0.00,0.00,0.00,1.98,0.00,1.00,0.00,487.00,6.00,20.51,
2016-12-01_15:13:09,95655574,0,17.00,0.00,0.00,17.00,18.28,17.76,0.00,0.00,0.00,1.98,0.00,1.00,0.00,489.00,3.00,20.51,
2016-12-01_15:13:09,95655636,0,17.00,0.00,0.00,17.00,18.42,17.76,0.00,0.00,0.00,1.98,0.00,1.00,0.00,487.00,3.00,20.51,
2016-12-01_15:13:09,95655699,0,17.00,0.00,0.00,17.00,18.42,17.80,0.00,0.00,0.00,1.98,0.00,1.00,0.00,487.00,6.00,20.02,
2016-12-01_15:13:09,95655761,0,17.00,0.00,0.00,18.00,18.44,17.80,0.00,0.00,0.00,1.98,0.00,1.00,0.00,488.00,2.00,21.00,
2016-12-01_15:13:09,95655823,0,18.00,0.00,0.00,17.00,18.44,17.80,0.00,0.00,0.00,1.98,0.00,1.00,0.00,488.00,2.00,20.51,
2016-12-01_15:13:09,95655885,0,17.00,0.00,0.00,16.00,18.52,18.08,0.00,0.00,0.00,1.98,0.00,1.00,0.00,491.00,2.00,20.51,
2016-12-01_15:13:09,95655948,0,16.00,0.00,0.00,16.00,18.52,18.08,0.00,0.00,0.00,1.98,0.00,1.00,0.00,488.00,2.00,20.51,
2016-12-01_15:13:09,95656010,0,16.00,0.00,0.00,16.00,18.52,18.42,0.00,0.00,0.00,1.98,0.00,1.00,0.00,488.00,0.00,20.02,
2016-12-01_15:13:09,95656073,0,16.00,0.00,0.00,17.00,18.40,18.42,0.00,0.00,0.00,1.98,0.00,1.00,0.00,488.00,3.00,20.51,
2016-12-01_15:13:09,95656135,0,17.00,0.00,0.00,17.00,18.40,18.32,0.00,0.00,0.00,1.98,0.00,1.00,0.00,488.00,3.00,20.51,
2016-12-01_15:13:09,95656198,0,17.00,0.00,0.00,17.00,18.42,18.32,0.00,0.00,0.00,1.98,0.00,1.00,0.00,487.00,3.00,20.51,
2016-12-01_15:13:10,95656260,0,17.00,0.00,0.00,18.00,18.42,18.32,0.00,0.00,0.00,1.98,0.00,1.00,0.00,487.00,3.00,21.00,
2016-12-01_15:13:10,95656323,0,18.00,0.00,0.00,17.00,18.42,18.02,0.00,0.00,0.00,1.98,0.00,1.00,0.00,489.00,5.00,20.51,
2016-12-01_15:13:10,95656385,0,17.00,0.00,0.00,16.00,18.52,18.02,0.00,0.00,0.00,1.98,0.00,1.00,0.00,491.00,1.00,20.51,
2016-12-01_15:13:10,95656448,0,16.00,0.00,0.00,17.00,18.52,17.94,0.00,0.00,0.00,1.98,0.00,1.00,0.00,488.00,2.00,20.51,
2016-12-01_15:13:10,95656510,0,17.00,0.00,0.00,17.00,18.40,17.94,0.00,0.00,0.00,1.98,0.00,1.00,0.00,488.00,2.00,20.02,
2016-12-01_15:13:10,95656572,0,17.00,0.00,0.00,17.00,18.40,17.94,0.00,0.00,0.00,1.98,0.00,1.00,0.00,491.00,2.00,20.51,
2016-12-01_15:13:10,95656635,0,17.00,0.00,0.00,17.00,18.40,18.22,0.00,0.00,0.00,1.98,0.00,1.00,0.00,487.00,3.00,20.51,
2016-12-01_15:13:10,95656697,0,17.00,0.00,0.00,17.00,18.40,18.22,0.00,0.00,0.00,1.98,0.00,1.00,0.00,487.00,4.00,20.51,
2016-12-01_15:13:10,95656760,0,17.00,0.00,0.00,17.00,18.40,17.88,0.00,0.00,0.00,1.98,0.00,1.00,0.00,488.00,4.00,20.02,
2016-12-01_15:13:10,95656821,0,17.00,0.00,0.00,17.00,18.24,17.88,0.00,0.00,0.00,1.98,0.00,1.00,0.00,486.00,2.00,21.00,
2016-12-01_15:13:10,95656884,0,17.00,0.00,0.00,17.00,18.24,17.94,0.00,0.00,0.00,1.98,0.00,1.00,0.00,488.00,3.00,20.51,
2016-12-01_15:13:10,95656946,0,17.00,0.00,0.00,17.00,18.34,17.94,0.00,0.00,0.00,1.98,0.00,1.00,0.00,487.00,3.00,20.51,
2016-12-01_15:13:10,95657009,0,17.00,0.00,0.00,17.00,18.34,17.94,0.00,0.00,0.00,1.98,0.00,1.00,0.00,488.00,2.00,20.02,
2016-12-01_15:13:10,95657071,0,17.00,0.00,0.00,17.00,18.30,18.04,0.00,0.00,0.00,1.98,0.00,1.00,0.00,489.00,1.00,20.51,
2016-12-01_15:13:10,95657134,0,17.00,0.00,0.00,17.00,18.30,18.04,0.00,0.00,0.00,1.98,0.00,1.00,0.00,489.00,1.00,20.51,
2016-12-01_15:13:10,95657196,0,17.00,0.00,0.00,17.00,18.30,17.94,0.00,0.00,0.00,1.98,0.00,1.00,0.00,487.00,2.00,20.51,
2016-12-01_15:13:11,95657259,0,17.00,0.00,0.00,15.00,18.36,17.94,0.00,0.00,0.00,1.98,0.00,1.00,0.00,487.00,2.00,20.02,
2016-12-01_15:13:11,95657321,0,15.00,0.00,0.00,18.00,18.36,17.74,0.00,0.00,0.00,1.98,0.00,1.00,0.00,487.00,3.00,20.51,
2016-12-01_15:13:11,95657383,0,18.00,0.00,0.00,17.00,18.32,17.74,0.00,0.00,0.00,1.98,0.00,1.00,0.00,488.00,3.00,20.51,
2016-12-01_15:13:11,95657446,0,17.00,0.00,0.00,16.00,18.32,17.74,0.00,0.00,0.00,1.98,0.00,1.00,0.00,488.00,4.00,20.02,
2016-12-01_15:13:11,95657508,0,16.00,0.00,0.00,17.00,18.32,17.74,0.00,0.00,0.00,1.98,0.00,1.00,0.00,488.00,2.00,20.51,
2016-12-01_15:13:11,95657571,0,17.00,0.00,0.00,18.00,18.44,17.74,0.00,0.00,0.00,1.98,0.00,1.00,0.00,490.00,2.00,20.51,
2016-12-01_15:13:11,95657633,0,18.00,0.00,0.00,17.00,18.44,17.88,0.00,0.00,0.00,1.98,0.00,1.00,0.00,488.00,3.00,20.51,
2016-12-01_15:13:11,95657696,0,17.00,0.00,0.00,17.00,18.22,17.88,0.00,0.00,0.00,1.98,0.00,1.00,0.00,488.00,2.00,20.51,
2016-12-01_15:13:11,95657758,0,17.00,0.00,0.00,16.00,18.22,17.70,0.00,0.00,0.00,1.98,0.00,1.00,0.00,488.00,3.00,20.51,
2016-12-01_15:13:11,95657820,0,16.00,0.00,0.00,17.00,18.20,17.70,0.00,0.00,0.00,1.98,0.00,1.00,0.00,487.00,6.00,20.51,
2016-12-01_15:13:11,95657882,0,17.00,0.00,0.00,17.00,18.20,17.70,0.00,0.00,0.00,1.98,0.00,1.00,0.00,488.00,1.00,20.51,
2016-12-01_15:13:11,95657945,0,17.00,0.00,0.00,17.00,18.20,17.74,0.00,0.00,0.00,1.98,0.00,1.00,0.00,487.00,2.00,20.02,
2016-12-01_15:13:11,95658007,0,17.00,0.00,0.00,17.00,18.36,17.74,0.00,0.00,0.00,1.98,0.00,1.00,0.00,488.00,3.00,20.51,
2016-12-01_15:13:11,95658070,0,17.00,0.00,0.00,17.00,18.36,17.64,0.00,0.00,0.00,1.98,0.00,1.00,0.00,487.00,1.00,20.51,
2016-12-01_15:13:11,95658132,0,17.00,0.00,0.00,17.00,18.28,17.64,0.00,0.00,0.00,1.98,0.00,1.00,0.00,488.00,3.00,20.51,
2016-12-01_15:13:11,95658194,0,17.00,0.00,0.00,17.00,18.28,17.96,0.00,0.00,0.00,1.98,0.00,1.00,0.00,488.00,3.00,20.51,
2016-12-01_15:13:12,95658257,0,17.00,0.00,0.00,16.00,18.34,17.96,0.00,0.00,0.00,1.98,0.00,1.00,0.00,487.00,2.00,20.51,
2016-12-01_15:13:12,95658319,0,16.00,0.00,0.00,17.00,18.34,17.96,0.00,0.00,0.00,1.98,0.00,1.00,0.00,488.00,2.00,20.51,
2016-12-01_15:13:12,95658382,0,17.00,0.00,0.00,17.00,18.34,18.24,0.00,0.00,0.00,1.98,0.00,1.00,0.00,488.00,3.00,21.48,
2016-12-01_15:13:12,95658444,0,17.00,0.00,0.00,17.00,18.40,18.24,0.00,0.00,0.00,1.98,0.00,1.00,0.00,488.00,1.00,20.51,
2016-12-01_15:13:12,95658507,0,17.00,0.00,0.00,16.00,18.40,17.94,0.00,0.00,0.00,1.98,0.00,1.00,0.00,488.00,4.00,20.51,
2016-12-01_15:13:12,95658569,0,16.00,0.00,0.00,17.00,18.58,17.94,0.00,0.00,0.00,1.98,0.00,1.00,0.00,490.00,2.00,20.51,
2016-12-01_15:13:12,95658632,0,17.00,0.00,0.00,17.00,18.58,17.94,0.00,0.00,0.00,1.98,0.00,1.00,0.00,488.00,1.00,20.51,
2016-12-01_15:13:12,95658694,0,17.00,0.00,0.00,17.00,18.58,17.78,0.00,0.00,0.00,1.98,0.00,1.00,0.00,488.00,6.00,20.51,
2016-12-01_15:13:12,95658757,0,17.00,0.00,0.00,17.00,18.38,17.78,0.00,0.00,0.00,1.98,0.00,1.00,0.00,488.00,3.00,20.02,
2016-12-01_15:13:12,95658818,0,17.00,0.00,0.00,17.00,18.38,18.08,0.00,0.00,0.00,1.98,0.00,1.00,0.00,488.00,3.00,20.51,
2016-12-01_15:13:12,95658881,0,17.00,0.00,0.00,16.00,18.26,18.08,0.00,0.00,0.00,1.98,0.00,1.00,0.00,488.00,4.00,21.00,
2016-12-01_15:13:12,95658943,0,16.00,0.00,0.00,17.00,18.26,18.02,0.00,0.00,0.00,1.98,0.00,1.00,0.00,488.00,2.00,20.02,
2016-12-01_15:13:12,95659005,0,17.00,0.00,0.00,17.00,18.24,18.02,0.00,0.00,0.00,1.98,0.00,1.00,0.00,486.00,3.00,20.51,
2016-12-01_15:13:12,95659068,0,17.00,0.00,0.00,17.00,18.24,18.02,0.00,0.00,0.00,1.98,0.00,1.00,0.00,488.00,3.00,20.51,
2016-12-01_15:13:12,95659130,0,17.00,0.00,0.00,17.00,18.24,18.34,0.00,0.00,0.00,1.98,0.00,1.00,0.00,488.00,2.00,20.51,
2016-12-01_15:13:12,95659193,0,17.00,0.00,0.00,17.00,18.32,18.34,0.00,0.00,0.00,1.98,0.00,1.00,0.00,488.00,2.00,20.51,
2016-12-01_15:13:13,95659255,0,17.00,0.00,0.00,17.00,18.32,18.08,0.00,0.00,0.00,1.98,0.00,1.00,0.00,488.00,3.00,20.51,
2016-12-01_15:13:13,95659318,0,17.00,0.00,0.00,17.00,18.38,18.08,0.00,0.00,0.00,1.98,0.00,1.00,0.00,488.00,2.00,20.02,
2016-12-01_15:13:13,95659380,0,17.00,0.00,0.00,17.00,18.38,17.86,0.00,0.00,0.00,1.98,0.00,1.00,0.00,488.00,2.00,20.51,
2016-12-01_15:13:13,95659443,0,17.00,0.00,0.00,17.00,18.44,17.86,0.00,0.00,0.00,1.98,0.00,1.00,0.00,488.00,1.00,20.51,
2016-12-01_15:13:13,95659505,0,17.00,0.00,0.00,17.00,18.44,17.86,0.00,0.00,0.00,1.98,0.00,1.00,0.00,488.00,4.00,20.51,
2016-12-01_15:13:13,95659568,0,17.00,0.00,0.00,16.00,18.44,17.86,0.00,0.00,0.00,1.98,0.00,1.00,0.00,490.00,2.00,20.51,
2016-12-01_15:13:13,95659630,0,16.00,0.00,0.00,17.00,18.28,17.86,0.00,0.00,0.00,1.98,0.00,1.00,0.00,488.00,0.00,20.02,
2016-12-01_15:13:13,95659693,0,17.00,0.00,0.00,17.00,18.28,17.82,0.00,0.00,0.00,1.98,0.00,1.00,0.00,488.00,3.00,20.02,
2016-12-01_15:13:13,95659755,0,17.00,0.00,0.00,17.00,18.18,17.82,0.00,0.00,0.00,1.98,0.00,1.00,0.00,487.00,4.00,20.02,
2016-12-01_15:13:13,95659816,0,17.00,0.00,0.00,17.00,18.18,17.92,0.00,0.00,0.00,1.98,0.00,1.00,0.00,488.00,2.00,20.51,
2016-12-01_15:13:13,95659879,0,17.00,0.00,0.00,17.00,18.18,17.92,0.00,0.00,0.00,1.98,0.00,1.00,0.00,488.00,2.00,20.51,
2016-12-01_15:13:13,95659941,0,17.00,0.00,0.00,17.00,18.22,17.92,0.00,0.00,0.00,1.98,0.00,1.00,0.00,488.00,3.00,20.51,
2016-12-01_15:13:13,95660004,0,17.00,0.00,0.00,17.00,18.22,18.12,0.00,0.00,0.00,1.98,0.00,1.00,0.00,489.00,2.00,20.51,
2016-12-01_15:13:13,95660066,0,17.00,0.00,0.00,16.00,18.30,18.12,0.00,0.00,0.00,1.98,0.00,1.00,0.00,488.00,5.00,20.02,
2016-12-01_15:13:13,95660129,0,16.00,0.00,0.00,17.00,18.30,17.96,0.00,0.00,0.00,1.98,0.00,1.00,0.00,488.00,1.00,20.51,
2016-12-01_15:13:13,95660191,0,17.00,0.00,0.00,17.00,18.28,17.96,0.00,0.00,0.00,1.98,0.00,1.00,0.00,489.00,1.00,20.51,
2016-12-01_15:13:14,95660254,0,17.00,0.00,0.00,17.00,18.28,18.22,0.00,0.00,0.00,1.98,0.00,1.00,0.00,488.00,3.00,20.51,
2016-12-01_15:13:14,95660316,0,17.00,0.00,0.00,17.00,18.28,18.22,0.00,0.00,0.00,1.98,0.00,1.00,0.00,488.00,1.00,20.51,
2016-12-01_15:13:14,95660379,0,17.00,0.00,0.00,17.00,18.36,18.22,0.00,0.00,0.00,1.98,0.00,1.00,0.00,488.00,2.00,20.02,
2016-12-01_15:13:14,95660441,0,17.00,0.00,0.00,17.00,18.36,18.18,0.00,0.00,0.00,1.98,0.00,1.00,0.00,488.00,4.00,21.00,
2016-12-01_15:13:14,95660504,0,17.00,0.00,0.00,17.00,18.26,18.18,0.00,0.00,0.00,1.98,0.00,1.00,0.00,489.00,1.00,20.02,
2016-12-01_15:13:14,95660566,0,17.00,0.00,0.00,14.00,18.26,17.78,0.00,0.00,0.00,1.98,0.00,1.00,0.00,491.00,6.00,19.53,
2016-12-01_15:13:14,95660628,0,14.00,0.00,0.00,17.00,18.34,17.78,0.00,0.00,0.00,1.98,0.00,1.00,0.00,489.00,3.00,20.02,
2016-12-01_15:13:14,95660691,0,17.00,0.00,0.00,16.00,18.34,17.78,0.00,0.00,0.00,1.98,0.00,1.00,0.00,488.00,3.00,20.51,
2016-12-01_15:13:14,95660753,0,16.00,0.00,0.00,17.00,18.34,17.84,0.00,0.00,0.00,1.98,0.00,1.00,0.00,488.00,3.00,20.51,
2016-12-01_15:13:14,95660815,0,17.00,0.00,0.00,16.00,18.20,17.84,0.00,0.00,0.00,1.98,0.00,1.00,0.00,488.00,2.00,20.51,
2016-12-01_15:13:14,95660877,0,16.00,0.00,0.00,17.00,18.20,18.12,0.00,0.00,0.00,1.98,0.00,1.00,0.00,488.00,3.00,20.02,
2016-12-01_15:13:14,95660940,0,17.00,0.00,0.00,17.00,18.04,18.12,0.00,0.00,0.00,1.98,0.00,1.00,0.00,487.00,2.00,20.51,
2016-12-01_15:13:14,95661002,0,17.00,0.00,0.00,17.00,18.04,18.08,0.00,0.00,0.00,1.98,0.00,1.00,0.00,488.00,2.00,20.51,
2016-12-01_15:13:14,95661065,0,17.00,0.00,0.00,16.00,18.04,18.08,0.00,0.00,0.00,1.98,0.00,1.00,0.00,489.00,2.00,20.51,
2016-12-01_15:13:14,95661127,0,16.00,0.00,0.00,17.00,18.24,18.08,0.00,0.00,0.00,1.98,0.00,1.00,0.00,488.00,3.00,20.51,
2016-12-01_15:13:14,95661190,0,17.00,0.00,0.00,16.00,18.24,18.02,0.00,0.00,0.00,1.98,0.00,1.00,0.00,488.00,3.00,20.51,
2016-12-01_15:13:15,95661252,0,16.00,0.00,0.00,17.00,18.40,18.02,0.00,0.00,0.00,1.98,0.00,1.00,0.00,487.00,2.00,20.51,
2016-12-01_15:13:15,95661315,0,17.00,0.00,0.00,17.00,18.40,18.16,0.00,0.00,0.00,1.98,0.00,1.00,0.00,487.00,3.00,20.51,
2016-12-01_15:13:15,95661377,0,17.00,0.00,0.00,17.00,18.24,18.16,0.00,0.00,0.00,1.98,0.00,1.00,0.00,493.00,5.00,20.51,
2016-12-01_15:13:15,95661440,0,17.00,0.00,0.00,17.00,18.24,17.92,0.00,0.00,0.00,1.98,0.00,1.00,0.00,488.00,3.00,20.51,
2016-12-01_15:13:15,95661502,0,17.00,0.00,0.00,17.00,18.24,17.92,0.00,0.00,0.00,1.98,0.00,1.00,0.00,487.00,4.00,20.02,
2016-12-01_15:13:15,95661564,0,17.00,0.00,0.00,14.00,18.36,17.92,0.00,0.00,0.00,1.98,0.00,1.00,0.00,489.00,3.00,20.02,
2016-12-01_15:13:15,95661627,0,14.00,0.00,0.00,17.00,18.36,18.14,0.00,0.00,0.00,1.98,0.00,1.00,0.00,488.00,3.00,20.51,
2016-12-01_15:13:15,95661689,0,17.00,0.00,0.00,17.00,18.26,18.14,0.00,0.00,0.00,1.98,0.00,1.00,0.00,488.00,2.00,20.51,
2016-12-01_15:13:15,95661752,0,17.00,0.00,0.00,17.00,18.26,18.22,0.00,0.00,0.00,1.98,0.00,1.00,0.00,488.00,2.00,20.51,
2016-12-01_15:13:15,95661813,0,17.00,0.00,0.00,17.00,18.24,18.22,0.00,0.00,0.00,1.98,0.00,1.00,0.00,488.00,4.00,20.02,
2016-12-01_15:13:15,95661876,0,17.00,0.00,0.00,17.00,18.24,18.18,0.00,0.00,0.00,1.98,0.00,1.00,0.00,487.00,3.00,20.51,
2016-12-01_15:13:15,95661938,0,17.00,0.00,0.00,17.00,18.24,18.18,0.00,0.00,0.00,1.98,0.00,1.00,0.00,489.00,3.00,20.51,
2016-12-01_15:13:15,95662001,0,17.00,0.00,0.00,17.00,18.34,18.18,0.00,0.00,0.00,1.98,0.00,1.00,0.00,488.00,3.00,20.02,
2016-12-01_15:13:15,95662063,0,17.00,0.00,0.00,17.00,18.34,18.06,0.00,0.00,0.00,1.98,0.00,1.00,0.00,488.00,3.00,20.51,
2016-12-01_15:13:15,95662126,0,17.00,0.00,0.00,17.00,18.34,18.06,0.00,0.00,0.00,1.98,0.00,1.00,0.00,489.00,1.00,20.51,
2016-12-01_15:13:15,95662188,0,17.00,0.00,0.00,17.00,18.34,18.10,0.00,0.00,0.00,1.98,0.00,1.00,0.00,488.00,4.00,20.51,
2016-12-01_15:13:16,95662251,0,17.00,0.00,0.00,17.00,18.34,18.10,0.00,0.00,0.00,1.98,0.00,1.00,0.00,487.00,0.00,20.51,
2016-12-01_15:13:16,95662313,0,17.00,0.00,0.00,17.00,18.28,17.76,0.00,0.00,0.00,1.98,0.00,1.00,0.00,488.00,3.00,20.51,
2016-12-01_15:13:16,95662375,0,17.00,0.00,0.00,17.00,18.28,17.76,0.00,0.00,0.00,1.98,0.00,1.00,0.00,487.00,3.00,20.51,
2016-12-01_15:13:16,95662438,0,17.00,0.00,0.00,17.00,18.34,17.76,0.00,0.00,0.00,1.98,0.00,1.00,0.00,488.00,4.00,20.51,
2016-12-01_15:13:16,95662500,0,17.00,0.00,0.00,17.00,18.34,18.20,0.00,0.00,0.00,1.98,0.00,1.00,0.00,487.00,1.00,20.51,
2016-12-01_15:13:16,95662563,0,17.00,0.00,0.00,17.00,18.34,18.20,0.00,0.00,0.00,1.98,0.00,1.00,0.00,488.00,2.00,20.51,
2016-12-01_15:13:16,95662625,0,17.00,0.00,0.00,16.00,18.34,18.02,0.00,0.00,0.00,1.98,0.00,1.00,0.00,487.00,1.00,20.51,
2016-12-01_15:13:16,95662688,0,16.00,0.00,0.00,17.00,18.34,18.02,0.00,0.00,0.00,1.98,0.00,1.00,0.00,487.00,2.00,20.51,
2016-12-01_15:13:16,95662750,0,17.00,0.00,0.00,17.00,18.44,18.02,0.00,0.00,0.00,1.98,0.00,1.00,0.00,487.00,3.00,20.02,
2016-12-01_15:13:16,95662812,0,17.00,0.00,0.00,17.00,18.44,17.96,0.00,0.00,0.00,1.98,0.00,1.00,0.00,488.00,2.00,20.51,
2016-12-01_15:13:16,95662874,0,17.00,0.00,0.00,17.00,18.30,17.96,0.00,0.00,0.00,1.98,0.00,1.00,0.00,488.00,3.00,20.02,
2016-12-01_15:13:16,95662937,0,17.00,0.00,0.00,18.00,18.30,18.32,0.00,0.00,0.00,1.98,0.00,1.00,0.00,487.00,4.00,20.51,
2016-12-01_15:13:16,95662999,0,18.00,0.00,0.00,17.00,18.40,18.32,0.00,0.00,0.00,1.98,0.00,1.00,0.00,488.00,3.00,20.02,
2016-12-01_15:13:16,95663062,0,17.00,0.00,0.00,17.00,18.40,17.96,0.00,0.00,0.00,1.98,0.00,1.00,0.00,488.00,2.00,20.51,
2016-12-01_15:13:16,95663124,0,17.00,0.00,0.00,16.00,18.40,17.96,0.00,0.00,0.00,1.98,0.00,1.00,0.00,488.00,3.00,20.02,
2016-12-01_15:13:16,95663186,0,16.00,0.00,0.00,17.00,18.38,17.96,0.00,0.00,0.00,1.98,0.00,1.00,0.00,487.00,2.00,20.51,
2016-12-01_15:13:17,95663249,0,17.00,0.00,0.00,17.00,18.38,18.32,0.00,0.00,0.00,1.98,0.00,1.00,0.00,487.00,1.00,20.51,
2016-12-01_15:13:17,95663311,0,17.00,0.00,0.00,17.00,18.50,18.32,0.00,0.00,0.00,1.98,0.00,1.00,0.00,488.00,3.00,20.51,
2016-12-01_15:13:17,95663374,0,17.00,0.00,0.00,17.00,18.50,18.28,0.00,0.00,0.00,1.98,0.00,1.00,0.00,488.00,3.00,20.51,
2016-12-01_15:13:17,95663436,0,17.00,0.00,0.00,17.00,18.50,18.28,0.00,0.00,0.00,1.98,0.00,1.00,0.00,488.00,2.00,20.51,
2016-12-01_15:13:17,95663499,0,17.00,0.00,0.00,17.00,18.44,18.38,0.00,0.00,0.00,1.98,0.00,1.00,0.00,488.00,3.00,20.51,
2016-12-01_15:13:17,95663561,0,17.00,0.00,0.00,17.00,18.44,18.38,0.00,0.00,0.00,1.98,0.00,1.00,0.00,488.00,3.00,21.00,
2016-12-01_15:13:17,95663624,0,17.00,0.00,0.00,16.00,18.42,18.38,0.00,0.00,0.00,1.98,0.00,1.00,0.00,488.00,3.00,20.51,
2016-12-01_15:13:17,95663686,0,16.00,0.00,0.00,17.00,18.42,18.20,0.00,0.00,0.00,1.98,0.00,1.00,0.00,487.00,1.00,20.51,
2016-12-01_15:13:17,95663749,0,17.00,0.00,0.00,16.00,18.38,18.20,0.00,0.00,0.00,1.98,0.00,1.00,0.00,489.00,2.00,20.02,
2016-12-01_15:13:17,95663810,0,16.00,0.00,0.00,17.00,18.38,18.24,0.00,0.00,0.00,1.98,0.00,1.00,0.00,488.00,3.00,20.51,
2016-12-01_15:13:17,95663873,0,17.00,0.00,0.00,17.00,18.38,18.24,0.00,0.00,0.00,1.98,0.00,1.00,0.00,488.00,1.00,20.02,
2016-12-01_15:13:17,95663935,0,17.00,0.00,0.00,17.00,18.30,18.18,0.00,0.00,0.00,1.98,0.00,1.00,0.00,488.00,1.00,20.51,
2016-12-01_15:13:17,95663997,0,17.00,0.00,0.00,16.00,18.30,18.18,0.00,0.00,0.00,1.98,0.00,1.00,0.00,487.00,2.00,20.51,
2016-12-01_15:13:17,95664060,0,16.00,0.00,0.00,17.00,18.36,18.18,0.00,0.00,0.00,1.98,0.00,1.00,0.00,488.00,3.00,20.51,
2016-12-01_15:13:17,95664122,0,17.00,0.00,0.00,16.00,18.36,18.24,0.00,0.00,0.00,1.98,0.00,1.00,0.00,488.00,6.00,19.53,
2016-12-01_15:13:17,95664185,0,16.00,0.00,0.00,17.00,18.36,18.24,0.00,0.00,0.00,1.98,0.00,1.00,0.00,487.00,3.00,20.02,
2016-12-01_15:13:18,95664247,0,17.00,0.00,0.00,17.00,18.36,18.08,0.00,0.00,0.00,1.98,0.00,1.00,0.00,488.00,3.00,20.51,
2016-12-01_15:13:18,95664310,0,17.00,0.00,0.00,17.00,18.36,18.08,0.00,0.00,0.00,1.98,0.00,1.00,0.00,488.00,4.00,20.51,
2016-12-01_15:13:18,95664372,0,17.00,0.00,0.00,17.00,18.30,18.02,0.00,0.00,0.00,1.98,0.00,1.00,0.00,487.00,4.00,20.51,
2016-12-01_15:13:18,95664435,0,17.00,0.00,0.00,17.00,18.30,18.02,0.00,0.00,0.00,1.98,0.00,1.00,0.00,486.00,2.00,20.02,
2016-12-01_15:13:18,95664497,0,17.00,0.00,0.00,17.00,18.16,18.02,0.00,0.00,0.00,1.98,0.00,1.00,0.00,487.00,0.00,20.51,
2016-12-01_15:13:18,95664560,0,17.00,0.00,0.00,17.00,18.16,17.96,0.00,0.00,0.00,1.98,0.00,1.00,0.00,488.00,3.00,20.02,
2016-12-01_15:13:18,95664622,0,17.00,0.00,0.00,16.00,18.16,17.96,0.00,0.00,0.00,1.98,0.00,1.00,0.00,488.00,6.00,19.53,
2016-12-01_15:13:18,95664685,0,16.00,0.00,0.00,17.00,18.16,17.96,0.00,0.00,0.00,1.98,0.00,1.00,0.00,488.00,3.00,20.51,
2016-12-01_15:13:18,95664747,0,17.00,0.00,0.00,16.00,18.16,17.96,0.00,0.00,0.00,1.98,0.00,1.00,0.00,487.00,4.00,20.51,
2016-12-01_15:13:18,95664808,0,16.00,0.00,0.00,17.00,18.14,17.96,0.00,0.00,0.00,1.98,0.00,1.00,0.00,488.00,3.00,20.51,
2016-12-01_15:13:18,95664871,0,17.00,0.00,0.00,17.00,18.14,17.78,0.00,0.00,0.00,1.98,0.00,1.00,0.00,488.00,1.00,20.51,
2016-12-01_15:13:18,95664933,0,17.00,0.00,0.00,17.00,18.26,17.78,0.00,0.00,0.00,1.98,0.00,1.00,0.00,488.00,2.00,20.51,
2016-12-01_15:13:18,95664996,0,17.00,0.00,0.00,17.00,18.26,18.28,0.00,0.00,0.00,1.98,0.00,1.00,0.00,487.00,3.00,20.51,
2016-12-01_15:13:18,95665058,0,17.00,0.00,0.00,17.00,18.26,18.28,0.00,0.00,0.00,1.98,0.00,1.00,0.00,487.00,4.00,20.51,
2016-12-01_15:13:18,95665121,0,17.00,0.00,0.00,17.00,18.28,18.16,0.00,0.00,0.00,1.98,0.00,1.00,0.00,488.00,1.00,20.02,
2016-12-01_15:13:18,95665183,0,17.00,0.00,0.00,17.00,18.28,18.16,0.00,0.00,0.00,1.98,0.00,1.00,0.00,490.00,3.00,20.51,
2016-12-01_15:13:19,95665246,0,17.00,0.00,0.00,17.00,18.26,18.16,0.00,0.00,0.00,1.98,0.00,1.00,0.00,488.00,3.00,20.51,
2016-12-01_15:13:19,95665308,0,17.00,0.00,0.00,17.00,18.26,18.14,0.00,0.00,0.00,1.98,0.00,1.00,0.00,488.00,0.00,20.51,
2016-12-01_15:13:19,95665371,0,17.00,0.00,0.00,17.00,18.30,18.14,0.00,0.00,0.00,1.98,0.00,1.00,0.00,488.00,2.00,20.51,
2016-12-01_15:13:19,95665433,0,17.00,0.00,0.00,17.00,18.30,18.44,0.00,0.00,0.00,1.98,0.00,1.00,0.00,489.00,3.00,20.02,
2016-12-01_15:13:19,95665496,0,17.00,0.00,0.00,17.00,18.30,18.44,0.00,0.00,0.00,1.98,0.00,1.00,0.00,488.00,6.00,20.51,
2016-12-01_15:13:19,95665558,0,17.00,0.00,0.00,17.00,18.20,18.22,0.00,0.00,0.00,1.98,0.00,1.00,0.00,487.00,2.00,20.51,
2016-12-01_15:13:19,95665620,0,17.00,0.00,0.00,17.00,18.20,18.22,0.00,0.00,0.00,1.98,0.00,1.00,0.00,488.00,2.00,20.51,
2016-12-01_15:13:19,95665683,0,17.00,0.00,0.00,16.00,18.24,18.22,0.00,0.00,0.00,1.98,0.00,1.00,0.00,489.00,4.00,20.51,
2016-12-01_15:13:19,95665745,0,16.00,0.00,0.00,17.00,18.24,17.94,0.00,0.00,0.00,1.98,0.00,1.00,0.00,490.00,4.00,20.02,
2016-12-01_15:13:19,95665807,0,17.00,0.00,0.00,16.00,18.24,17.94,0.00,0.00,0.00,1.98,0.00,1.00,0.00,489.00,4.00,20.51,
2016-12-01_15:13:19,95665869,0,16.00,0.00,0.00,17.00,18.16,18.40,0.00,0.00,0.00,1.98,0.00,1.00,0.00,489.00,3.00,20.02,
2016-12-01_15:13:19,95665932,0,17.00,0.00,0.00,17.00,18.16,18.40,0.00,0.00,0.00,1.98,0.00,1.00,0.00,487.00,3.00,20.51,
2016-12-01_15:13:19,95665994,0,17.00,0.00,0.00,17.00,18.22,17.98,0.00,0.00,0.00,1.98,0.00,1.00,0.00,488.00,3.00,20.02,
2016-12-01_15:13:19,95666057,0,17.00,0.00,0.00,17.00,18.22,17.98,0.00,0.00,0.00,1.98,0.00,1.00,0.00,488.00,2.00,20.51,
2016-12-01_15:13:19,95666119,0,17.00,0.00,0.00,17.00,18.20,17.98,0.00,0.00,0.00,1.98,0.00,1.00,0.00,488.00,3.00,20.51,
2016-12-01_15:13:19,95666182,0,17.00,0.00,0.00,16.00,18.20,17.90,0.00,0.00,0.00,1.98,0.00,1.00,0.00,488.00,3.00,20.51,
2016-12-01_15:13:20,95666244,0,16.00,0.00,0.00,17.00,18.20,17.90,0.00,0.00,0.00,1.98,0.00,1.00,0.00,489.00,4.00,20.51,
2016-12-01_15:13:20,95666307,0,17.00,0.00,0.00,17.00,18.24,18.52,0.00,0.00,0.00,1.98,0.00,1.00,0.00,488.00,4.00,20.51,
2016-12-01_15:13:20,95666369,0,17.00,0.00,0.00,17.00,18.24,18.52,0.00,0.00,0.00,1.98,0.00,1.00,0.00,488.00,3.00,20.51,
2016-12-01_15:13:20,95666432,0,17.00,0.00,0.00,16.00,18.34,17.90,0.00,0.00,0.00,1.98,0.00,1.00,0.00,487.00,3.00,20.51,
2016-12-01_15:13:20,95666494,0,16.00,0.00,0.00,17.00,18.34,17.90,0.00,0.00,0.00,1.98,0.00,1.00,0.00,487.00,3.00,20.02,
2016-12-01_15:13:20,95666556,0,17.00,0.00,0.00,16.00,18.24,17.90,0.00,0.00,0.00,1.98,0.00,1.00,0.00,488.00,1.00,20.51,
2016-12-01_15:13:20,95666619,0,16.00,0.00,0.00,17.00,18.24,18.18,0.00,0.00,0.00,1.98,0.00,1.00,0.00,487.00,2.00,20.51,
2016-12-01_15:13:20,95666681,0,17.00,0.00,0.00,16.00,18.24,18.18,0.00,0.00,0.00,1.98,0.00,1.00,0.00,487.00,2.00,20.02,
2016-12-01_15:13:20,95666744,0,16.00,0.00,0.00,17.00,18.36,18.04,0.00,0.00,0.00,1.98,0.00,1.00,0.00,489.00,3.00,20.51,
2016-12-01_15:13:20,95666805,0,17.00,0.00,0.00,17.00,18.36,18.04,0.00,0.00,0.00,1.98,0.00,1.00,0.00,486.00,3.00,20.02,
2016-12-01_15:13:20,95666868,0,17.00,0.00,0.00,17.00,18.32,17.94,0.00,0.00,0.00,1.98,0.00,1.00,0.00,488.00,2.00,20.51,
2016-12-01_15:13:20,95666930,0,17.00,0.00,0.00,17.00,18.32,17.94,0.00,0.00,0.00,1.98,0.00,1.00,0.00,487.00,5.00,20.51,
2016-12-01_15:13:20,95666993,0,17.00,0.00,0.00,17.00,18.32,17.94,0.00,0.00,0.00,1.98,0.00,1.00,0.00,488.00,1.00,20.02,
2016-12-01_15:13:20,95667055,0,17.00,0.00,0.00,17.00,18.28,17.82,0.00,0.00,0.00,1.98,0.00,1.00,0.00,488.00,3.00,20.51,
2016-12-01_15:13:20,95667118,0,17.00,0.00,0.00,17.00,18.28,17.82,0.00,0.00,0.00,1.98,0.00,1.00,0.00,487.00,6.00,20.51,
2016-12-01_15:13:20,95667180,0,17.00,0.00,0.00,17.00,18.28,18.02,0.00,0.00,0.00,1.98,0.00,1.00,0.00,488.00,3.00,20.02,
2016-12-01_15:13:21,95667243,0,17.00,0.00,0.00,15.00,18.28,18.02,0.00,0.00,0.00,1.98,0.00,1.00,0.00,488.00,3.00,20.02,
2016-12-01_15:13:21,95667305,0,15.00,0.00,0.00,17.00,18.34,18.02,0.00,0.00,0.00,1.98,0.00,1.00,0.00,488.00,2.00,20.51,
2016-12-01_15:13:21,95667367,0,17.00,0.00,0.00,17.00,18.34,17.84,0.00,0.00,0.00,1.98,0.00,1.00,0.00,487.00,6.00,20.51,
2016-12-01_15:13:21,95667430,0,17.00,0.00,0.00,17.00,18.34,17.84,0.00,0.00,0.00,1.98,0.00,1.00,0.00,488.00,2.00,20.51,
2016-12-01_15:13:21,95667492,0,17.00,0.00,0.00,17.00,18.34,17.92,0.00,0.00,0.00,1.98,0.00,1.00,0.00,488.00,2.00,20.02,
2016-12-01_15:13:21,95667555,0,17.00,0.00,0.00,17.00,18.34,17.92,0.00,0.00,0.00,1.98,0.00,1.00,0.00,488.00,3.00,20.51,
2016-12-01_15:13:21,95667617,0,17.00,0.00,0.00,17.00,18.26,18.12,0.00,0.00,0.00,1.98,0.00,1.00,0.00,488.00,2.00,20.51,
2016-12-01_15:13:21,95667680,0,17.00,0.00,0.00,17.00,18.26,18.12,0.00,0.00,0.00,1.98,0.00,1.00,0.00,488.00,3.00,20.02,
2016-12-01_15:13:21,95667742,0,17.00,0.00,0.00,15.00,18.18,18.12,0.00,0.00,0.00,1.98,0.00,1.00,0.00,488.00,3.00,20.51,
2016-12-01_15:13:21,95667804,0,15.00,0.00,0.00,17.00,18.18,18.36,0.00,0.00,0.00,1.98,0.00,1.00,0.00,488.00,3.00,20.51,
2016-12-01_15:13:21,95667866,0,17.00,0.00,0.00,17.00,18.18,18.36,0.00,0.00,0.00,1.98,0.00,1.00,0.00,488.00,2.00,20.51,
2016-12-01_15:13:21,95667929,0,17.00,0.00,0.00,17.00,18.04,18.04,0.00,0.00,0.00,1.98,0.00,1.00,0.00,488.00,2.00,20.51,
2016-12-01_15:13:21,95667991,0,17.00,0.00,0.00,17.00,18.04,18.04,0.00,0.00,0.00,1.98,0.00,1.00,0.00,488.00,2.00,20.02,
2016-12-01_15:13:21,95668054,0,17.00,0.00,0.00,17.00,18.08,17.90,0.00,0.00,0.00,1.98,0.00,1.00,0.00,487.00,3.00,20.51,
2016-12-01_15:13:21,95668116,0,17.00,0.00,0.00,17.00,18.08,17.90,0.00,0.00,0.00,1.98,0.00,1.00,0.00,488.00,4.00,20.51,
2016-12-01_15:13:21,95668178,0,17.00,0.00,0.00,17.00,18.08,17.90,0.00,0.00,0.00,1.98,0.00,1.00,0.00,488.00,2.00,20.51,
2016-12-01_15:13:22,95668241,0,17.00,0.00,0.00,16.00,18.18,18.00,0.00,0.00,0.00,1.98,0.00,1.00,0.00,488.00,4.00,20.51,
2016-12-01_15:13:22,95668303,0,16.00,0.00,0.00,17.00,18.18,18.00,0.00,0.00,0.00,1.98,0.00,1.00,0.00,489.00,4.00,20.51,
2016-12-01_15:13:22,95668366,0,17.00,0.00,0.00,16.00,18.24,18.10,0.00,0.00,0.00,1.98,0.00,1.00,0.00,487.00,3.00,20.51,
2016-12-01_15:13:22,95668428,0,16.00,0.00,0.00,17.00,18.24,18.10,0.00,0.00,0.00,1.98,0.00,1.00,0.00,488.00,3.00,20.51,
2016-12-01_15:13:22,95668491,0,17.00,0.00,0.00,16.00,18.26,17.94,0.00,0.00,0.00,1.98,0.00,1.00,0.00,487.00,2.00,20.02,
2016-12-01_15:13:22,95668553,0,16.00,0.00,0.00,17.00,18.26,17.94,0.00,0.00,0.00,1.98,0.00,1.00,0.00,489.00,3.00,20.51,
2016-12-01_15:13:22,95668616,0,17.00,0.00,0.00,16.00,18.26,17.94,0.00,0.00,0.00,1.98,0.00,1.00,0.00,488.00,3.00,20.51,
2016-12-01_15:13:22,95668678,0,16.00,0.00,0.00,17.00,18.32,17.84,0.00,0.00,0.00,1.98,0.00,1.00,0.00,488.00,1.00,20.51,
2016-12-01_15:13:22,95668741,0,17.00,0.00,0.00,16.00,18.32,17.84,0.00,0.00,0.00,1.98,0.00,1.00,0.00,488.00,4.00,20.51,
2016-12-01_15:13:22,95668802,0,16.00,0.00,0.00,16.00,18.10,18.22,0.00,0.00,0.00,1.98,0.00,1.00,0.00,490.00,4.00,20.02,
2016-12-01_15:13:22,95668865,0,16.00,0.00,0.00,17.00,18.10,18.22,0.00,0.00,0.00,1.98,0.00,1.00,0.00,488.00,1.00,20.51,
2016-12-01_15:13:22,95668927,0,17.00,0.00,0.00,17.00,18.14,18.16,0.00,0.00,0.00,1.98,0.00,1.00,0.00,486.00,3.00,20.51,
2016-12-01_15:13:22,95668989,0,17.00,0.00,0.00,16.00,18.14,18.16,0.00,0.00,0.00,1.98,0.00,1.00,0.00,488.00,4.00,20.51,
2016-12-01_15:13:22,95669052,0,16.00,0.00,0.00,17.00,18.14,18.16,0.00,0.00,0.00,1.98,0.00,1.00,0.00,487.00,3.00,20.51,
2016-12-01_15:13:22,95669114,0,17.00,0.00,0.00,16.00,18.32,17.92,0.00,0.00,0.00,1.98,0.00,1.00,0.00,488.00,6.00,20.02,
2016-12-01_15:13:22,95669177,0,16.00,0.00,0.00,17.00,18.32,17.92,0.00,0