8.00,1.20,18.00 
8.00,1.20,18.00 
8.00,1.20,18.00 
8.00,1.20,18.00 
8.00,1.20,18.00 
8.00,1.20,18.00 
8.00,1.20,18.00 
8.00,1.20,18.00 
8.00,1.20,18.00 
8.00,1.20,18.00 
8.00,1.20,18.00 
8.00,1.20,18.00 
8.00,1.20,18.00 
8.00,1.20,18.00 
8.00,1.20,18.00 
8.00,1.20,18.00 
8.00,1.20,18.00 
8.00,1.20,18.00 
8.00,1.20,18.00 
8.00,1.20,18.00 
8.00,1.20,18.00 
8.00,1.20,18.00 
8.00,1.20,18.00 
8.00,1.20,18.00 
8.00,1.20,18.00 
8.00,1.20,18.00 
8.00,1.20,18.00 
8.00,1.20,18.00 
8.00,1.20,18.00 
8.00,1.20,18.00 
8.00,1.20,18.00 
8.00,1.20,18.00 
8.00,1.20,18.00 
8.00,1.20,18.00 
8.00,1.20,18.00 
8.00,1.20,18.00 
8.00,1.20,18.00 
8.00,1.20,18.00 
8.00,1.20,18.00 
8.00,1.20,18.00 
8.00,1.20,18.00 
8.00,1.20,18.00 
8.00,1.20,18.00 
8.00,1.20,18.00 
8.00,1.20,18.00 
8.00,1.20,18.00 
8.00,1.20,18.00 
8.00,1.20,18.00 
8.00,1.20,18.00 
8.00,1.20,18.00 
8.00,1.20,18.00 
8.00,1.20,18.00 
8.00,1.20,18.00 
8.00,1.20,18.00 
8.00,1.20,18.00 
8.00,1.20,18.00 
8.00,1.20,18.00 
8.00,1.20,18.00 
8.00,1.20,18.00 
8.00,1.20,18.00 
8.00,1.20,18.00 
8.00,1.20,18.00 
8.00,1.20,18.00 
8.00,1.20,18.00 
8.00,1.20,18.00 
8.00,1.20,18.00 
8.00,1.20,18.00 
8.00,1.20,18.00 
8.00,1.20,18.00 
8.00,1.20,18.00 
8.00,1.20,18.00 
8.00,1.20,18.00 
8.00,1.20,18.00 
8.00,1.20,18.00 
8.00,1.20,18.00 
8.00,1.20,18.00 
8.00,1.20,18.00 
8.00,1.20,18.00 
8.00,1.20,18.00 
8.00,1.20,18.00 
8.00,1.20,18.00 
8.00,1.20,18.00 
8.00,1.20,18.00 
8.00,1.20,18.00 
8.00,1.20,18.00 
8.00,1.20,18.00 
8.00,1.20,18.00 
8.00,1.20,18.00 
8.00,1.20,18.00 
8.00,1.20,18.00 
8.00,1.20,18.00 
8.00,1.20,18.00 
8.00,1.20,18.00 
8.00,1.20,18.00 
8.00,1.20,18.00 
8.00,1.20,18.00 
8.00,1.20,18.00 
8.00,1.20,18.00 
8.00,1.20,18.00 
8.00,1.20,18.00 
8.00,1.20,18.00 
8.00,1.20,18.00 
8.00,1.20,18.00 
8.00,1.20,18.00 
8.00,1.20,18.00 
8.00,1.20,18.00 
8.00,1.20,18.00 
8.00,1.20,18.00 
8.00,1.20,18.00 
8.00,1.20,18.00 
8.00,1.20,18.00 
8.00,1.20,18.00 
8.00,1.20,18.00 
8.00,1.20,18.00 
8.00,1.20,18.00 
8.00,1.20,18.00 
8.00,1.20,18.00 
8.00,1.20,18.00 
8.00,1.20,18.00 
8.00,1.20,18.00 
8.00,1.20,18.00 
8.00,1.20,18.00 
8.00,1.20,18.00 
8.00,1.20,18.00 
8.00,1.20,18.00 
8.00,1.20,18.00 
8.00,1.20,18.00 
8.00,1.20,18.00 
8.00,1.20,18.00 
8.00,1.20,18.00 
8.00,1.20,18.00 
8.00,1.20,18.00 
8.00,1.20,18.00 
8.00,1.20,18.00 
8.00,1.20,18.00 
8.00,1.20,18.00 
8.00,1.20,18.00 
8.00,1.20,18.00 
8.00,1.20,18.00 
8.00,1.20,18.00 
8.00,1.20,18.00 
8.00,1.20,18.00 
8.00,1.20,18.00 
8.00,1.20,18.00 
8.00,1.20,18.00 
8.00,1.20,18.00 
8.00,1.20,18.00 
8.00,1.20,18.00 
8.00,1.20,18.00 
8.00,1.20,18.00 
8.00,1.20,18.00 
8.00,1.20,18.00 
8.00,1.20,18.00 
8.00,1.20,18.00 
8.00,1.20,18.00 
8.00,1.20,18.00 
8.00,1.20,18.00 
8.00,1.20,18.00 
8.00,1.20,18.00 
8.00,1.20,18.00 
8.00,1.20,18.00 
8.00,1.20,18.00 
8.00,1.20,18.00 
8.00,1.20,18.00 
8.00,1.20,18.00 
8.00,1.20,18.00 
8.00,1.20,18.00 
8.00,1.20,18.00 
8.00,1.20,18.00 
8.00,1.20,18.00 
8.00,1.20,18.00 
8.00,1.20,18.00 
8.00,1.20,18.00 
8.00,1.20,18.00 
8.00,1.20,18.00 
8.00,1.20,18.00 
8.00,1.20,18.00 
8.00,1.20,18.00 
8.00,1.20,18.00 
8.00,1.20,18.00 
8.00,1.20,18.00 
8.00,1.20,18.00 
8.00,1.20,18.00 
8.00,1.20,18.00 
8.00,1.20,18.00 
8.00,1.20,18.00 
8.00,1.20,18.00 
8.00,1.20,18.00 
8.00,1.20,18.00 
8.00,1.20,18.00 
8.00,1.20,18.00 
8.00,1.20,18.00 
8.00,1.20,18.00 
8.00,1.20,18.00 
8.00,1.20,18.00 
8.00,1.20,18.00 
8.00,1.20,18.00 
8.00,1.20,18.00 
8.00,1.20,18.00 
8.00,1.20,18.00 
8.00,1.20,18.00 
8.00,1.20,18.00 
8.00,1.20,18.00 
8.00,1.20,18.00 
8.00,1.20,18.00 
8.00,1.20,18.00 
8.00,1.20,18.00 
8.00,1.20,18.00 
8.00,1.20,18.00 
8.00,1.20,18.00 
8.00,1.20,18.00 
8.00,1.20,18.00 
8.00,1.20,18.00 
8.00,1.20,18.00 
8.00,1.20,18.00 
8.00,1.20,18.00 
8.00,1.20,18.00 
8.00,1.20,18.00 
8.00,1.20,18.00 
8.00,1.20,18.00 
8.00,1.20,18.00 
8.00,1.20,18.00 
8.00,1.20,18.00 
8.00,1.20,18.00 
8.00,1.20,18.00 
8.00,1.20,18.00 
8.00,1.20,18.00 
8.00,1.20,18.00 
8.00,1.20,18.00 
8.00,1.20,18.00 
8.00,1.20,18.00 
8.00,1.20,18.00 
8.00,1.20,18.00 
8.00,1.20,18.00 
8.00,1.20,18.00 
8.00,1.20,18.00 
8.00,1.20,18.00 
8.00,1.20,18.00 
8.00,1.20,18.00 
8.00,1.20,18.00 
8.00,1.20,18.00 
8.00,1.20,18.00 
8.00,1.20,18.00 
8.00,1.20,18.00 
8.00,1.20,18.00 
8.00,1.20,18.00 
8.00,1.20,18.00 
8.00,1.20,18.00 
8.00,1.20,18.00 
8.00,1.20,18.00 
8.00,1.20,18.00 
8.00,1.20,18.00 
8.00,1.20,18.00 
8.00,1.20,18.00 
8.00,1.20,18.00 
8.00,1.20,18.00 
8.00,1.20,18.00 
8.00,1.20,18.00 
8.00,1.20,18.00 
8.00,1.20,18.00 
8.00,1.20,18.00 
8.00,1.20,18.00 
8.00,1.20,18.00 
8.00,1.20,18.00 
8.00,1.20,18.00 
8.00,1.20,18.00 
8.00,1.20,18.00 
8.00,1.20,18.00 
8.00,1.20,18.00 
8.00,1.20,18.00 
8.00,1.20,18.00 
8.00,1.20,18.00 
8.00,1.20,18.00 
8.00,1.20,18.00 
8.00,1.20,18.00 
8.00,1.20,18.00 
8.00,1.20,18.00 
8.00,1.20,18.00 
8.00,1.20,18.00 
8.00,1.20,18.00 
8.00,1.20,18.00 
8.00,1.20,18.00 
8.00,1.20,18.00 
8.00,1.20,18.00 
8.00,1.20,18.00 
8.00,1.20,18.00 
8.00,1.20,18.00 
8.00,1.20,18.00 
8.00,1.20,18.00 
8.00,1.20,18.00 
8.00,1.20,18.00 
8.00,1.20,18.00 
8.00,1.20,18.00 
8.00,1.20,18.00 
8.00,1.20,18.00 
8.00,1.20,18.00 
8.00,1.20,18.00 
8.00,1.20,18.00 
8.00,1.20,18.00 
8.00,1.20,18.00 
7.44,0.96,22.17 
7.44,0.96,22.17 
7.44,0.96,22.17 
7.44,0.96,22.17 
7.44,0.96,22.17 
7.44,0.96,22.17 
7.44,0.96,22.17 
7.44,0.96,22.17 
7.44,0.96,22.17 
7.44,0.96,22.17 
7.44,0.96,22.17 
7.44,0.96,22.17 
7.44,0.96,22.17 
7.44,0.96,22.17 
7.44,0.96,22.17 
7.44,0.96,22.17 
7.44,0.96,22.17 
7.44,0.96,22.17 
7.44,0.96,22.17 
7.44,0.96,22.17 
7.44,0.96,22.17 
7.44,0.96,22.17 
7.44,0.96,22.17 
7.44,0.96,22.17 
7.44,0.96,22.17 
7.44,0.96,22.17 
7.44,0.96,22.17 
7.44,0.96,22.17 
7.44,0.96,22.17 
7.44,0.96,22.17 
7.44,0.96,22.17 
7.44,0.96,22.17 
7.44,0.96,22.17 
7.44,0.96,22.17 
7.44,0.96,22.17 
7.44,0.96,22.17 
7.44,0.96,22.17 
7.44,0.96,22.17 
7.44,0.96,22.17 
7.44,0.96,22.17 
7.44,0.96,22.17 
7.44,0.96,22.17 
7.44,0.96,22.17 
7.44,0.96,22.17 
7.44,0.96,22.17 
7.44,0.96,22.17 
7.44,0.96,22.17 
7.44,0.96,22.17 
7.44,0.96,22.17 
7.44,0.96,22.17 
7.44,0.96,22.17 
7.44,0.96,22.17 
7.44,0.96,22.17 
7.44,0.96,22.17 
7.44,0.96,22.17 
7.44,0.96,22.17 
7.44,0.96,22.17 
7.44,0.96,22.17 
7.44,0.96,22.17 
7.44,0.96,22.17 
7.44,0.96,22.17 
7.44,0.96,22.17 
7.44,0.96,22.17 
7.44,0.96,22.17 
7.44,0.96,22.17 
7.44,0.96,22.17 
7.44,0.96,22.17 
7.44,0.96,22.17 
7.44,0.96,22.17 
7.44,0.96,22.17 
7.44,0.96,22.17 
7.44,0.96,22.17 
7.44,0.96,22.17 
7.44,0.96,22.17 
7.44,0.96,22.17 
7.44,0.96,22.17 
7.44,0.96,22.17 
7.44,0.96,22.17 
7.44,0.96,22.17 
7.44,0.96,22.17 
7.44,0.96,22.17 
7.44,0.96,22.17 
7.44,0.96,22.17 
7.44,0.96,22.17 
7.44,0.96,22.17 
7.44,0.96,22.17 
7.44,0.96,22.17 
7.44,0.96,22.17 
7.44,0.96,22.17 
7.44,0.96,22.17 
7.44,0.96,22.17 
7.44,0.96,22.17 
7.44,0.96,22.17 
7.44,0.96,22.17 
7.44,0.96,22.17 
7.44,0.96,22.17 
7.44,0.96,22.17 
7.44,0.96,22.17 
7.44,0.96,22.17 
7.44,0.96,22.17 
7.44,0.96,22.17 
7.44,0.96,22.17 
7.44,0.96,22.17 
7.44,0.96,22.17 
7.44,0.96,22.17 
7.44,0.96,22.17 
7.44,0.96,22.17 
7.44,0.96,22.17 
7.44,0.96,22.17 
7.44,0.96,22.17 
7.44,0.96,22.17 
7.44,0.96,22.17 
7.44,0.96,22.17 
7.44,0.96,22.17 
7.44,0.96,22.17 
7.44,0.96,22.17 
7.44,0.96,22.17 
7.44,0.96,22.17 
7.44,0.96,22.17 
7.44,0.96,22.17 
7.44,0.96,22.17 
7.44,0.96,22.17 
7.44,0.96,22.17 
7.44,0.96,22.17 
7.44,0.96,22.17 
7.44,0.96,22.17 
7.44,0.96,22.17 
7.44,0.96,22.17 
7.44,0.96,22.17 
7.44,0.96,22.17 
7.44,0.96,22.17 
7.44,0.96,22.17 
7.44,0.96,22.17 
7.44,0.96,22.17 
7.44,0.96,22.17 
7.44,0.96,22.17 
7.44,0.96,22.17 
7.44,0.96,22.17 
7.44,0.96,22.17 
7.44,0.96,22.17 
7.44,0.96,22.17 
7.44,0.96,22.17 
7.44,0.96,22.17 
7.44,0.96,22.17 
7.44,0.96,22.17 
7.44,0.96,22.17 
7.44,0.96,22.17 
7.44,0.96,22.17 
7.44,0.96,22.17 
7.44,0.96,22.17 
7.44,0.96,22.17 
7.44,0.96,22.17 
7.44,0.96,22.17 
7.44,0.96,22.17 
7.44,0.96,22.17 
7.44,0.96,22.17 
7.44,0.96,22.17 
7.44,0.96,22.17 
7.44,0.96,22.17 
7.44,0.96,22.17 
7.44,0.96,22.17 
7.44,0.96,22.17 
7.44,0.96,22.17 
7.44,0.96,22.17 
7.44,0.96,22.17 
7.44,0.96,22.17 
7.44,0.96,22.17 
7.44,0.96,22.17 
7.44,0.96,22.17 
7.44,0.96,22.17 
7.44,0.96,22.17 
7.44,0.96,22.17 
7.44,0.96,22.17 
7.44,0.96,22.17 
7.44,0.96,22.17 
7.44,0.96,22.17 
7.44,0.96,22.17 
7.44,0.96,22.17 
7.44,0.96,22.17 
7.44,0.96,22.17 
7.44,0.96,22.17 
7.44,0.96,22.17 
7.44,0.96,22.17 
7.44,0.96,22.17 
7.44,0.96,22.17 
7.44,0.96,22.17 
7.44,0.96,22.17 
7.44,0.96,22.17 
7.44,0.96,22.17 
7.44,0.96,22.17 
7.44,0.96,22.17 
7.44,0.96,22.17 
7.44,0.96,22.17 
7.44,0.96,22.17 
7.44,0.96,22.17 
7.44,0.96,22.17 
7.44,0.96,22.17 
7.44,0.96,22.17 
7.44,0.96,22.17 
7.44,0.96,22.17 
7.44,0.96,22.17 
7.44,0.96,22.17 
7.44,0.96,22.17 
7.44,0.96,22.17 
7.44,0.96,22.17 
7.44,0.96,22.17 
7.44,0.96,22.17 
7.44,0.96,22.17 
7.44,0.96,22.17 
7.44,0.96,22.17 
7.44,0.96,22.17 
7.44,0.96,22.17 
7.44,0.96,22.17 
7.44,0.96,22.17 
7.44,0.96,22.17 
7.44,0.96,22.17 
7.44,0.96,22.17 
7.44,0.96,22.17 
7.44,0.96,22.17 
7.44,0.96,22.17 
7.44,0.96,22.17 
7.44,0.96,22.17 
7.44,0.96,22.17 
7.44,0.96,22.17 
7.44,0.96,22.17 
7.44,0.96,22.17 
7.44,0.96,22.17 
7.44,0.96,22.17 
7.44,0.96,22.17 
7.44,0.96,22.17 
7.44,0.96,22.17 
7.44,0.96,22.17 
7.44,0.96,22.17 
7.44,0.96,22.17 
7.44,0.96,22.17 
7.44,0.96,22.17 
7.44,0.96,22.17 
7.44,0.96,22.17 
7.44,0.96,22.17 
7.44,0.96,22.17 
7.44,0.96,22.17 
7.44,0.96,22.17 
7.44,0.96,22.17 
7.44,0.96,22.17 
7.44,0.96,22.17 
7.44,0.96,22.17 
7.44,0.96,22.17 
7.44,0.96,22.17 
7.44,0.96,22.17 
7.44,0.96,22.17 
7.44,0.96,22.17 
7.44,0.96,22.17 
7.44,0.96,22.17 
7.44,0.96,22.17 
7.44,0.96,22.17 
7.44,0.96,22.17 
7.44,0.96,22.17 
7.44,0.96,22.17 
7.44,0.96,22.17 
7.44,0.96,22.17 
7.44,0.96,22.17 
7.44,0.96,22.17 
7.44,0.96,22.17 
7.44,0.96,22.17 
7.44,0.96,22.17 
7.44,0.96,22.17 
7.44,0.96,22.17 
7.44,0.96,22.17 
7.44,0.96,22.17 
7.44,0.96,22.17 
7.44,0.96,22.17 
7.44,0.96,22.17 
7.44,0.96,22.17 
7.44,0.96,22.17 
7.44,0.96,22.17 
7.44,0.96,22.17 
7.44,0.96,22.17 
7.44,0.96,22.17 
7.44,0.96,22.17 
7.44,0.96,22.17 
7.44,0.96,22.17 
7.44,0.96,22.17 
7.44,0.96,22.17 
7.44,0.96,22.17 
7.44,0.96,22.17 
7.44,0.96,22.17 
7.44,0.96,22.17 
7.44,0.96,22.17 
7.44,0.96,22.17 
7.44,0.96,22.17 
7.44,0.96,22.17 
7.44,0.96,22.17 
7.44,0.96,22.17 
7.44,0.96,22.17 
7.44,0.96,22.17 
7.44,0.96,22.17 
7.44,0.96,22.17 
7.44,0.96,22.17 
7.44,0.96,22.17 
7.44,0.96,22.17 
7.44,0.96,22.17 
7.44,0.96,22.17 
7.44,0.96,22.17 
8.65,0.97,21.94 
8.65,0.97,21.94 
8.65,0.97,21.94 
8.65,0.97,21.94 
8.65,0.97,21.94 
8.65,0.97,21.94 
8.65,0.97,21.94 
8.65,0.97,21.94 
8.65,0.97,21.94 
8.65,0.97,21.94 
8.65,0.97,21.94 
8.65,0.97,21.94 
8.65,0.97,21.94 
8.65,0.97,21.94 
8.65,0.97,21.94 
8.65,0.97,21.94 
8.65,0.97,21.94 
8.65,0.97,21.94 
8.65,0.97,21.94 
8.65,0.97,21.94 
8.65,0.97,21.94 
8.65,0.97,21.94 
8.65,0.97,21.94 
8.65,0.97,21.94 
8.65,0.97,21.94 
8.65,0.97,21.94 
8.65,0.97,21.94 
8.65,0.97,21.94 
8.65,0.97,21.94 
8.65,0.97,21.94 
8.65,0.97,21.94 
8.65,0.97,21.94 
8.65,0.97,21.94 
8.65,0.97,21.94 
8.65,0.97,21.94 
8.65,0.97,21.94 
8.65,0.97,21.94 
8.65,0.97,21.94 
8.65,0.97,21.94 
8.65,0.97,21.94 
8.65,0.97,21.94 
8.65,0.97,21.94 
8.65,0.97,21.94 
8.65,0.97,21.94 
8.65,0.97,21.94 
8.65,0.97,21.94 
8.65,0.97,21.94 
8.65,0.97,21.94 
8.65,0.97,21.94 
8.65,0.97,21.94 
8.65,0.97,21.94 
8.65,0.97,21.94 
8.65,0.97,21.94 
8.65,0.97,21.94 
8.65,0.97,21.94 
8.65,0.97,21.94 
8.65,0.97,21.94 
8.65,0.97,21.94 
8.65,0.97,21.94 
8.65,0.97,21.94 
8.65,0.97,21.94 
8.65,0.97,21.94 
8.65,0.97,21.94 
8.65,0.97,21.94 
8.65,0.97,21.94 
8.65,0.97,21.94 
8.65,0.97,21.94 
8.65,0.97,21.94 
8.65,0.97,21.94 
8.65,0.97,21.94 
8.65,0.97,21.94 
8.65,0.97,21.94 
8.65,0.97,21.94 
8.65,0.97,21.94 
8.65,0.97,21.94 
8.65,0.97,21.94 
8.65,0.97,21.94 
8.65,0.97,21.94 
8.65,0.97,21.94 
8.65,0.97,21.94 
8.65,0.97,21.94 
8.65,0.97,21.94 
8.65,0.97,21.94 
8.65,0.97,21.94 
8.65,0.97,21.94 
8.65,0.97,21.94 
8.65,0.97,21.94 
8.65,0.97,21.94 
8.65,0.97,21.94 
8.65,0.97,21.94 
8.65,0.97,21.94 
8.65,0.97,21.94 
8.65,0.97,21.94 
8.65,0.97,21.94 
8.65,0.97,21.94 
8.65,0.97,21.94 
8.65,0.97,21.94 
8.65,0.97,21.94 
8.65,0.97,21.94 
8.65,0.97,21.94 
8.65,0.97,21.94 
8.65,0.97,21.94 
8.65,0.97,21.94 
8.65,0.97,21.94 
8.65,0.97,21.94 
8.65,0.97,21.94 
8.65,0.97,21.94 
8.65,0.97,21.94 
8.65,0.97,21.94 
8.65,0.97,21.94 
8.65,0.97,21.94 
8.65,0.97,21.94 
8.65,0.97,21.94 
8.65,0.97,21.94 
8.65,0.97,21.94 
8.65,0.97,21.94 
8.65,0.97,21.94 
8.65,0.97,21.94 
8.65,0.97,21.94 
8.65,0.97,21.94 
8.65,0.97,21.94 
8.65,0.97,21.94 
8.65,0.97,21.94 
8.65,0.97,21.94 
8.65,0.97,21.94 
8.65,0.97,21.94 
8.65,0.97,21.94 
8.65,0.97,21.94 
8.65,0.97,21.94 
8.65,0.97,21.94 
8.65,0.97,21.94 
8.65,0.97,21.94 
8.65,0.97,21.94 
8.65,0.97,21.94 
8.65,0.97,21.94 
8.65,0.97,21.94 
8.65,0.97,21.94 
8.65,0.97,21.94 
8.65,0.97,21.94 
8.65,0.97,21.94 
8.65,0.97,21.94 
8.65,0.97,21.94 
8.65,0.97,21.94 
8.65,0.97,21.94 
8.65,0.97,21.94 
8.65,0.97,21.94 
8.65,0.97,21.94 
8.65,0.97,21.94 
8.65,0.97,21.94 
8.65,0.97,21.94 
8.65,0.97,21.94 
8.65,0.97,21.94 
8.65,0.97,21.94 
8.65,0.97,21.94 
8.65,0.97,21.94 
8.65,0.97,21.94 
8.65,0.97,21.94 
8.65,0.97,21.94 
8.65,0.97,21.94 
8.65,0.97,21.94 
8.65,0.97,21.94 
8.65,0.97,21.94 
8.65,0.97,21.94 
8.65,0.97,21.94 
8.65,0.97,21.94 
8.65,0.97,21.94 
8.65,0.97,21.94 
8.65,0.97,21.94 
8.65,0.97,21.94 
8.65,0.97,21.94 
8.65,0.97,21.94 
8.65,0.97,21.94 
8.65,0.97,21.94 
8.65,0.97,21.94 
8.65,0.97,21.94 
8.65,0.97,21.94 
8.65,0.97,21.94 
8.65,0.97,21.94 
8.65,0.97,21.94 
8.65,0.97,21.94 
8.65,0.97,21.94 
8.65,0.97,21.94 
8.65,0.97,21.94 
8.65,0.97,21.94 
8.65,0.97,21.94 
8.65,0.97,21.94 
8.65,0.97,21.94 
8.65,0.97,21.94 
8.65,0.97,21.94 
8.65,0.97,21.94 
8.65,0.97,21.94 
8.65,0.97,21.94 
8.65,0.97,21.94 
8.65,0.97,21.94 
8.65,0.97,21.94 
8.65,0.97,21.94 
8.65,0.97,21.94 
8.65,0.97,21.94 
8.65,0.97,21.94 
8.65,0.97,21.94 
8.65,0.97,21.94 
8.65,0.97,21.94 
8.65,0.97,21.94 
8.65,0.97,21.94 
8.65,0.97,21.94 
8.65,0.97,21.94 
8.65,0.97,21.94 
8.65,0.97,21.94 
8.65,0.97,21.94 
8.65,0.97,21.94 
8.65,0.97,21.94 
8.65,0.97,21.94 
8.65,0.97,21.94 
8.65,0.97,21.94 
8.65,0.97,21.94 
8.65,0.97,21.94 
8.65,0.97,21.94 
8.65,0.97,21.94 
8.65,0.97,21.94 
8.65,0.97,21.94 
8.65,0.97,21.94 
8.65,0.97,21.94 
8.65,0.97,21.94 
8.65,0.97,21.94 
8.65,0.97,21.94 
8.65,0.97,21.94 
8.65,0.97,21.94 
8.65,0.97,21.94 
8.65,0.97,21.94 
8.65,0.97,21.94 
8.65,0.97,21.94 
8.65,0.97,21.94 
8.65,0.97,21.94 
8.65,0.97,21.94 
8.65,0.97,21.94 
8.65,0.97,21.94 
8.65,0.97,21.94 
8.65,0.97,21.94 
8.65,0.97,21.94 
8.65,0.97,21.94 
8.65,0.97,21.94 
8.65,0.97,21.94 
8.65,0.97,21.94 
8.65,0.97,21.94 
8.65,0.97,21.94 
8.65,0.97,21.94 
8.65,0.97,21.94 
8.65,0.97,21.94 
8.65,0.97,21.94 
8.65,0.97,21.94 
8.65,0.97,21.94 
8.65,0.97,21.94 
8.65,0.97,21.94 
8.65,0.97,21.94 
8.65,0.97,21.94 
8.65,0.97,21.94 
8.65,0.97,21.94 
8.65,0.97,21.94 
8.65,0.97,21.94 
8.65,0.97,21.94 
8.65,0.97,21.94 
8.65,0.97,21.94 
8.65,0.97,21.94 
8.65,0.97,21.94 
8.65,0.97,21.94 
8.65,0.97,21.94 
8.65,0.97,21.94 
8.65,0.97,21.94 
8.65,0.97,21.94 
8.65,0.97,21.94 
8.65,0.97,21.94 
8.65,0.97,21.94 
8.65,0.97,21.94 
8.65,0.97,21.94 
8.65,0.97,21.94 
8.65,0.97,21.94 
8.65,0.97,21.94 
8.65,0.97,21.94 
8.65,0.97,21.94 
8.65,0.97,21.94 
8.65,0.97,21.94 
8.65,0.97,21.94 
8.65,0.97,21.94 
8.65,0.97,21.94 
8.65,0.97,21.94 
8.65,0.97,21.94 
8.65,0.97,21.94 
8.65,0.97,21.94 
8.65,0.97,21.94 
8.65,0.97,21.94 
8.65,0.97,21.94 
8.65,0.97,21.94 
8.65,0.97,21.94 
8.65,0.97,21.94 
8.65,0.97,21.94 
8.65,0.97,21.94 
8.65,0.97,21.94 
8.65,0.97,21.94 
8.65,0.97,21.94 
8.65,0.97,21.94 
8.65,0.97,21.94 
8.65,0.97,21.94 
8.65,0.97,21.94 
8.65,0.97,21.94 
8.65,0.97,21.94 
8.65,0.97,21.94 
8.65,0.97,21.94 
8.65,0.97,21.94 
8.65,0.97,21.94 
8.65,0.97,21.94 
8.65,0.97,21.94 
8.65,0.97,21.94 
8.65,0.97,21.94 
8.65,0.97,21.94 
8.65,0.97,21.94 
8.65,0.97,21.94 
8.65,0.97,21.94 
8.65,0.97,21.94 
8.65,0.97,21.94 
8.65,0.97,21.94 
8.65,0.97,21.94 
8.05,1.42,15.63 
8.05,1.42,15.63 
8.05,1.42,15.63 
8.05,1.42,15.63 
8.05,1.42,15.63 
8.05,1.42,15.63 
8.05,1.42,15.63 
8.05,1.42,15.63 
8.05,1.42,15.63 
8.05,1.42,15.63 
8.05,1.42,15.63 
8.05,1.42,15.63 
8.05,1.42,15.63 
8.05,1.42,15.63 
8.05,1.42,15.63 
8.05,1.42,15.63 
8.05,1.42,15.63 
8.05,1.42,15.63 
8.05,1.42,15.63 
8.05,1.42,15.63 
8.05,1.42,15.63 
8.05,1.42,15.63 
8.05,1.42,15.63 
8.05,1.42,15.63 
8.05,1.42,15.63 
8.05,1.42,15.63 
8.05,1.42,15.63 
8.05,1.42,15.63 
8.05,1.42,15.63 
8.05,1.42,15.63 
8.05,1.42,15.63 
8.05,1.42,15.63 
8.05,1.42,15.63 
8.05,1.42,15.63 
8.05,1.42,15.63 
8.05,1.42,15.63 
8.05,1.42,15.63 
8.05,1.42,15.63 
8.05,1.42,15.63 
8.05,1.42,15.63 
8.05,1.42,15.63 
8.05,1.42,15.63 
8.05,1.42,15.63 
8.05,1.42,15.63 
8.05,1.42,15.63 
8.05,1.42,15.63 
8.05,1.42,15.63 
8.05,1.42,15.63 
8.05,1.42,15.63 
8.05,1.42,15.63 
8.05,1.42,15.63 
8.05,1.42,15.63 
8.05,1.42,15.63 
8.05,1.42,15.63 
8.05,1.42,15.63 
8.05,1.42,15.63 
8.05,1.42,15.63 
8.05,1.42,15.63 
8.05,1.42,15.63 
8.05,1.42,15.63 
8.05,1.42,15.63 
8.05,1.42,15.63 
8.05,1.42,15.63 
8.05,1.42,15.63 
8.05,1.42,15.63 
8.05,1.42,15.63 
8.05,1.42,15.63 
8.05,1.42,15.63 
8.05,1.42,15.63 
8.05,1.42,15.63 
8.05,1.42,15.63 
8.05,1.42,15.63 
8.05,1.42,15.63 
8.05,1.42,15.63 
8.05,1.42,15.63 
8.05,1.42,15.63 
8.05,1.42,15.63 
8.05,1.42,15.63 
8.05,1.42,15.63 
8.05,1.42,15.63 
8.05,1.42,15.63 
8.05,1.42,15.63 
8.05,1.42,15.63 
8.05,1.42,15.63 
8.05,1.42,15.63 
8.05,1.42,15.63 
8.05,1.42,15.63 
8.05,1.42,15.63 
8.05,1.42,15.63 
8.05,1.42,15.63 
8.05,1.42,15.63 
7.72,0.95,12.57 
7.72,0.95,12.57 
7.72,0.95,12.57 
7.72,0.95,12.57 
7.72,0.95,12.57 
7.72,0.95,12.57 
7.72,0.95,12.57 
7.72,0.95,12.57 
7.72,0.95,12.57 
7.72,0.95,12.57 
7.72,0.95,12.57 
7.72,0.95,12.57 
7.72,0.95,12.57 
7.72,0.95,12.57 
7.72,0.95,12.57 
7.72,0.95,12.57 
7.72,0.95,12.57 
7.72,0.95,12.57 
7.72,0.95,12.57 
7.72,0.95,12.57 
7.72,0.95,12.57 
7.72,0.95,12.57 
7.72,0.95,12.57 
7.72,0.95,12.57 
7.72,0.95,12.57 
7.72,0.95,12.57 
7.72,0.95,12.57 
7.72,0.95,12.57 
7.72,0.95,12.57 
7.72,0.95,12.57 
7.72,0.95,12.57 
7.72,0.95,12.57 
7.72,0.95,12.57 
7.72,0.95,12.57 
7.72,0.95,12.57 
7.72,0.95,12.57 
7.72,0.95,12.57 
7.72,0.95,12.57 
7.72,0.95,12.57 
7.72,0.95,12.57 
7.72,0.95,12.57 
7.72,0.95,12.57 
7.72,0.95,12.57 
7.72,0.95,12.57 
7.72,0.95,12.57 
7.72,0.95,12.57 
7.72,0.95,12.57 
7.72,0.95,12.57 
7.72,0.95,12.57 
7.72,0.95,12.57 
7.72,0.95,12.57 
7.72,0.95,12.57 
7.72,0.95,12.57 
7.72,0.95,12.57 
7.72,0.95,12.57 
7.72,0.95,12.57 
7.72,0.95,12.57 
7.72,0.95,12.57 
7.72,0.95,12.57 
7.72,0.95,12.57 
7.72,0.95,12.57 
7.72,0.95,12.57 
7.72,0.95,12.57 
7.72,0.95,12.57 
7.72,0.95,12.57 
7.72,0.95,12.57 
7.72,0.95,12.57 
7.72,0.95,12.57 
7.72,0.95,12.57 
7.72,0.95,12.57 
7.72,0.95,12.57 
7.72,0.95,12.57 
7.72,0.95,12.57 
7.72,0.95,12.57 
7.72,0.95,12.57 
7.72,0.95,12.57 
7.72,0.95,12.57 
7.72,0.95,12.57 
7.72,0.95,12.57 
7.72,0.95,12.57 
7.72,0.95,12.57 
7.72,0.95,12.57 
7.72,0.95,12.57 
7.72,0.95,12.57 
7.72,0.95,12.57 
7.72,0.95,12.57 
7.72,0.95,12.57 
7.72,0.95,12.57 
7.72,0.95,12.57 
7.72,0.95,12.57 
7.72,0.95,12.57 
7.72,0.95,12.57 
7.72,0.95,12.57 
7.72,0.95,12.57 
7.72,0.95,12.57 
7.72,0.95,12.57 
7.72,0.95,12.57 
7.72,0.95,12.57 
7.72,0.95,12.57 
7.72,0.95,12.57 
7.72,0.95,12.57 
7.72,0.95,12.57 
7.72,0.95,12.57 
7.72,0.95,12.57 
7.72,0.95,12.57 
7.72,0.95,12.57 
7.72,0.95,12.57 
7.72,0.95,12.57 
7.72,0.95,12.57 
7.72,0.95,12.57 
7.72,0.95,12.57 
7.72,0.95,12.57 
7.72,0.95,12.57 
7.72,0.95,12.57 
7.72,0.95,12.57 
7.72,0.95,12.57 
7.72,0.95,12.57 
7.72,0.95,12.57 
7.72,0.95,12.57 
7.72,0.95,12.57 
7.72,0.95,12.57 
7.72,0.95,12.57 
7.72,0.95,12.57 
7.72,0.95,12.57 
7.72,0.95,12.57 
7.72,0.95,12.57 
7.72,0.95,12.57 
7.72,0.95,12.57 
7.72,0.95,12.57 
7.72,0.95,12.57 
7.72,0.95,12.57 
7.72,0.95,12.57 
7.72,0.95,12.57 
7.72,0.95,12.57 
7.72,0.95,12.57 
7.72,0.95,12.57 
7.72,0.95,12.57 
7.72,0.95,12.57 
7.72,0.95,12.57 
7.72,0.95,12.57 
7.72,0.95,12.57 
7.72,0.95,12.57 
7.72,0.95,12.57 
7.72,0.95,12.57 
7.72,0.95,12.57 
7.72,0.95,12.57 
7.72,0.95,12.57 
7.72,0.95,12.57 
7.72,0.95,12.57 
7.72,0.95,12.57 
7.72,0.95,12.57 
7.72,0.95,12.57 
7.72,0.95,12.57 
7.72,0.95,12.57 
7.72,0.95,12.57 
7.72,0.95,12.57 
7.72,0.95,12.57 
7.72,0.95,12.57 
7.72,0.95,12.57 
7.72,0.95,12.57 
8.25,0.86,22.64 
8.25,0.86,22.64 
8.25,0.86,22.64 
8.25,0.86,22.64 
8.25,0.86,22.64 
8.25,0.86,22.64 
8.25,0.86,22.64 
8.25,0.86,22.64 
8.25,0.86,22.64 
8.25,0.86,22.64 
8.25,0.86,22.64 
8.25,0.86,22.64 
8.25,0.86,22.64 
8.25,0.86,22.64 
8.25,0.86,22.64 
8.25,0.86,22.64 
8.25,0.86,22.64 
8.25,0.86,22.64 
8.25,0.86,22.64 
8.25,0.86,22.64 
8.25,0.86,22.64 
8.25,0.86,22.64 
8.25,0.86,22.64 
8.25,0.86,22.64 
8.25,0.86,22.64 
8.25,0.86,22.64 
8.25,0.86,22.64 
8.25,0.86,22.64 
8.25,0.86,22.64 
8.25,0.86,22.64 
8.25,0.86,22.64 
8.25,0.86,22.64 
8.25,0.86,22.64 
8.25,0.86,22.64 
8.25,0.86,22.64 
8.25,0.86,22.64 
8.25,0.86,22.64 
8.25,0.86,22.64 
8.25,0.86,22.64 
8.25,0.86,22.64 
8.25,0.86,22.64 
8.25,0.86,22.64 
8.25,0.86,22.64 
8.25,0.86,22.64 
8.25,0.86,22.64 
8.25,0.86,22.64 
8.25,0.86,22.64 
8.25,0.86,22.64 
8.25,0.86,22.64 
8.25,0.86,22.64 
8.25,0.86,22.64 
8.25,0.86,22.64 
8.25,0.86,22.64 
8.25,0.86,22.64 
8.25,0.86,22.64 
8.25,0.86,22.64 
8.25,0.86,22.64 
8.25,0.86,22.64 
8.25,0.86,22.64 
8.25,0.86,22.64 
8.25,0.86,22.64 
8.25,0.86,22.64 
8.25,0.86,22.64 
8.25,0.86,22.64 
8.25,0.86,22.64 
8.25,0.86,22.64 
8.25,0.86,22.64 
8.25,0.86,22.64 
8.25,0.86,22.64 
8.25,0.86,22.64 
8.25,0.86,22.64 
8.25,0.86,22.64 
8.25,0.86,22.64 
8.25,0.86,22.64 
8.25,0.86,22.64 
8.25,0.86,22.64 
8.25,0.86,22.64 
8.25,0.86,22.64 
8.25,0.86,22.64 
8.25,0.86,22.64 
8.25,0.86,22.64 
8.25,0.86,22.64 
8.25,0.86,22.64 
8.25,0.86,22.64 
8.25,0.86,22.64 
8.25,0.86,22.64 
8.25,0.86,22.64 
8.25,0.86,22.64 
8.25,0.86,22.64 
8.25,0.86,22.64 
8.25,0.86,22.64 
8.25,0.86,22.64 
8.25,0.86,22.64 
8.25,0.86,22.64 
8.25,0.86,22.64 
8.25,0.86,22.64 
8.25,0.86,22.64 
8.25,0.86,22.64 
8.25,0.86,22.64 
8.25,0.86,22.64 
8.25,0.86,22.64 
8.25,0.86,22.64 
8.25,0.86,22.64 
8.25,0.86,22.64 
8.25,0.86,22.64 
8.25,0.86,22.64 
8.25,0.86,22.64 
8.25,0.86,22.64 
8.25,0.86,22.64 
8.25,0.86,22.64 
8.25,0.86,22.64 
8.25,0.86,22.64 
8.25,0.86,22.64 
8.25,0.86,22.64 
8.25,0.86,22.64 
8.25,0.86,22.64 
8.25,0.86,22.64 
8.25,0.86,22.64 
8.25,0.86,22.64 
8.25,0.86,22.64 
8.25,0.86,22.64 
8.25,0.86,22.64 
8.25,0.86,22.64 
8.25,0.86,22.64 
8.25,0.86,22.64 
8.25,0.86,22.64 
8.25,0.86,22.64 
8.25,0.86,22.64 
8.25,0.86,22.64 
8.25,0.86,22.64 
8.25,0.86,22.64 
8.25,0.86,22.64 
8.25,0.86,22.64 
8.25,0.86,22.64 
8.25,0.86,22.64 
8.25,0.86,22.64 
8.25,0.86,22.64 
8.25,0.86,22.64 
8.25,0.86,22.64 
8.25,0.86,22.64 
8.25,0.86,22.64 
8.25,0.86,22.64 
8.25,0.86,22.64 
8.25,0.86,22.64 
8.25,0.86,22.64 
8.25,0.86,22.64 
8.25,0.86,22.64 
8.25,0.86,22.64 
8.25,0.86,22.64 
8.25,0.86,22.64 
8.25,0.86,22.64 
8.25,0.86,22.64 
8.25,0.86,22.64 
8.25,0.86,22.64 
8.25,0.86,22.64 
8.25,0.86,22.64 
8.25,0.86,22.64 
8.25,0.86,22.64 
8.25,0.86,22.64 
8.25,0.86,22.64 
8.25,0.86,22.64 
8.25,0.86,22.64 
8.25,0.86,22.64 
8.25,0.86,22.64 
8.25,0.86,22.64 
8.25,0.86,22.64 
8.25,0.86,22.64 
8.25,0.86,22.64 
8.25,0.86,22.64 
8.25,0.86,22.64 
8.25,0.86,22.64 
8.25,0.86,22.64 
8.25,0.86,22.64 
8.25,0.86,22.64 
8.25,0.86,22.64 
8.25,0.86,22.64 
8.25,0.86,22.64 
8.25,0.86,22.64 
8.25,0.86,22.64 
8.25,0.86,22.64 
8.25,0.86,22.64 
8.25,0.86,22.64 
8.25,0.86,22.64 
8.25,0.86,22.64 
8.25,0.86,22.64 
8.25,0.86,22.64 
8.25,0.86,22.64 
8.25,0.86,22.64 
8.25,0.86,22.64 
8.25,0.86,22.64 
8.25,0.86,22.64 
8.25,0.86,22.64 
8.25,0.86,22.64 
8.25,0.86,22.64 
8.25,0.86,22.64 
8.25,0.86,22.64 
8.25,0.86,22.64 
8.25,0.86,22.64 
8.25,0.86,22.64 
8.25,0.86,22.64 
8.25,0.86,22.64 
8.25,0.86,22.64 
8.25,0.86,22.64 
8.25,0.86,22.64 
8.25,0.86,22.64 
8.25,0.86,22.64 
8.25,0.86,22.64 
8.25,0.86,22.64 
8.25,0.86,22.64 
8.25,0.86,22.64 
8.25,0.86,22.64 
8.25,0.86,22.64 
8.25,0.86,22.64 
8.25,0.86,22.64 
8.25,0.86,22.64 
8.25,0.86,22.64 
8.25,0.86,22.64 
8.25,0.86,22.64 
8.25,0.86,22.64 
8.25,0.86,22.64 
8.25,0.86,22.64 
8.25,0.86,22.64 
8.25,0.86,22.64 
8.25,0.86,22.64 
8.25,0.86,22.64 
8.25,0.86,22.64 
8.25,0.86,22.64 
8.25,0.86,22.64 
8.25,0.86,22.64 
8.25,0.86,22.64 
8.25,0.86,22.64 
8.25,0.86,22.64 
8.25,0.86,22.64 
8.25,0.86,22.64 
8.25,0.86,22.64 
8.25,0.86,22.64 
8.25,0.86,22.64 
8.25,0.86,22.64 
8.25,0.86,22.64 
8.25,0.86,22.64 
8.25,0.86,22.64 
8.25,0.86,22.64 
8.25,0.86,22.64 
8.25,0.86,22.64 
8.25,0.86,22.64 
8.25,0.86,22.64 
8.25,0.86,22.64 
8.25,0.86,22.64 
8.25,0.86,22.64 
8.25,0.86,22.64 
8.25,0.86,22.64 
8.25,0.86,22.64 
8.25,0.86,22.64 
8.25,0.86,22.64 
8.25,0.86,22.64 
8.25,0.86,22.64 
8.25,0.86,22.64 
8.25,0.86,22.64 
8.25,0.86,22.64 
8.25,0.86,22.64 
8.25,0.86,22.64 
8.25,0.86,22.64 
8.25,0.86,22.64 
8.25,0.86,22.64 
8.25,0.86,22.64 
8.25,0.86,22.64 
8.25,0.86,22.64 
8.25,0.86,22.64 
8.25,0.86,22.64 
8.25,0.86,22.64 
8.25,0.86,22.64 
8.25,0.86,22.64 
8.25,0.86,22.64 
8.25,0.86,22.64 
8.25,0.86,22.64 
8.25,0.86,22.64 
8.25,0.86,22.64 
8.25,0.86,22.64 
8.25,0.86,22.64 
8.25,0.86,22.64 
8.25,0.86,22.64 
8.25,0.86,22.64 
8.25,0.86,22.64 
8.25,0.86,22.64 
8.25,0.86,22.64 
8.25,0.86,22.64 
8.25,0.86,22.64 
8.25,0.86,22.64 
8.25,0.86,22.64 
8.25,0.86,22.64 
8.25,0.86,22.64 
8.25,0.86,22.64 
8.25,0.86,22.64 
8.25,0.86,22.64 
8.25,0.86,22.64 
8.25,0.86,22.64 
8.25,0.86,22.64 
8.25,0.86,22.64 
8.25,0.86,22.64 
8.25,0.86,22.64 
8.25,0.86,22.64 
8.25,0.86,22.64 
8.25,0.86,22.64 
8.25,0.86,22.64 
8.25,0.86,22.64 
8.25,0.86,22.64 
8.25,0.86,22.64 
8.25,0.86,22.64 
8.25,0.86,22.64 
8.25,0.86,22.64 
8.25,0.86,22.64 
8.25,0.86,22.64 
8.25,0.86,22.64 
8.25,0.86,22.64 
8.25,0.86,22.64 
8.25,0.86,22.64 
8.25,0.86,22.64 
8.25,0.86,22.64 
8.25,0.86,22.64 
8.25,0.86,22.64 
8.25,0.86,22.64 
8.25,0.86,22.64 
8.25,0.86,22.64 
8.25,0.86,22.64 
8.25,0.86,22.64 
8.25,0.86,22.64 
8.25,0.86,22.64 
8.25,0.86,22.64 
8.25,0.86,22.64 
8.25,0.86,22.64 
8.25,0.86,22.64 
8.25,0.86,22.64 
8.25,0.86,22.64 
8.25,0.86,22.64 
8.25,0.86,22.64 
8.25,0.86,22.64 
8.25,0.86,22.64 
8.25,0.86,22.64 
8.25,0.86,22.64 
8.25,0.86,22.64 
8.25,0.86,22.64 
8.25,0.86,22.64 
8.25,0.86,22.64 
8.25,0.86,22.64 
8.25,0.86,22.64 
8.25,0.86,22.64 
8.25,0.86,22.64 
8.25,0.86,22.64 
8.25,0.86,22.64 
8.25,0.86,22.64 
8.25,0.86,22.64 
8.25,0.86,22.64 
8.25,0.86,22.64 
8.25,0.86,22.64 
8.25,0.86,22.64 
8.25,0.86,22.64 
8.25,0.86,22.64 
8.25,0.86,22.64 
8.25,0.86,22.64 
8.25,0.86,22.64 
8.25,0.86,22.64 
8.25,0.86,22.64 
8.25,0.86,22.64 
8.25,0.86,22.64 
8.25,0.86,22.64 
8.25,0.86,22.64 
8.25,0.86,22.64 
8.25,0.86,22.64 
8.25,0.86,22.64 
8.25,0.86,22.64 
8.25,0.86,22.64 
8.25,0.86,22.64 
8.25,0.86,22.64 
8.25,0.86,22.64 
8.25,0.86,22.64 
8.25,0.86,22.64 
8.25,0.86,22.64 
8.25,0.86,22.64 
8.25,0.86,22.64 
8.25,0.86,22.64 
8.25,0.86,22.64 
8.25,0.86,22.64 
8.25,0.86,22.64 
8.25,0.86,22.64 
8.25,0.86,22.64 
8.25,0.86,22.64 
8.25,0.86,22.64 
8.25,0.86,22.64 
8.25,0.86,22.64 
8.25,0.86,22.64 
8.25,0.86,22.64 
8.25,0.86,22.64 
8.25,0.86,22.64 
8.25,0.86,22.64 
8.25,0.86,22.64 
8.25,0.86,22.64 
8.25,0.86,22.64 
8.25,0.86,22.64 
8.25,0.86,22.64 
8.25,0.86,22.64 
8.25,0.86,22.64 
8.25,0.86,22.64 
8.25,0.86,22.64 
8.25,0.86,22.64 
8.25,0.86,22.64 
8.25,0.86,22.64 
8.25,0.86,22.64 
8.25,0.86,22.64 
8.25,0.86,22.64 
8.25,0.86,22.64 
8.25,0.86,22.64 
8.25,0.86,22.64 
8.25,0.86,22.64 
8.25,0.86,22.64 
8.25,0.86,22.64 
8.25,0.86,22.64 
8.25,0.86,22.64 
8.25,0.86,22.64 
8.25,0.86,22.64 
8.25,0.86,22.64 
8.25,0.86,22.64 
8.25,0.86,22.64 
8.25,0.86,22.64 
8.25,0.86,22.64 
8.25,0.86,22.64 
8.25,0.86,22.64 
8.25,0.86,22.64 
8.25,0.86,22.64 
8.25,0.86,22.64 
8.25,0.86,22.64 
8.25,0.86,22.64 
8.25,0.86,22.64 
8.25,0.86,22.64 
8.25,0.86,22.64 
8.25,0.86,22.64 
8.25,0.86,22.64 
8.25,0.86,22.64 
8.25,0.86,22.64 
8.25,0.86,22.64 
8.25,0.86,22.64 
8.25,0.86,22.64 
8.25,0.86,22.64 
8.25,0.86,22.64 
8.25,0.86,22.64 
8.25,0.86,22.64 
8.25,0.86,22.64 
8.25,0.86,22.64 
8.25,0.86,22.64 
8.25,0.86,22.64 
8.25,0.86,22.64 
8.25,0.86,22.64 
8.25,0.86,22.64 
8.25,0.86,22.64 
8.25,0.86,22.64 
8.25,0.86,22.64 
8.25,0.86,22.64 
8.47,1.39,14.73 
8.47,1.39,14.73 
8.47,1.39,14.73 
8.47,1.39,14.73 
8.47,1.39,14.73 
8.47,1.39,14.73 
8.47,1.39,14.73 
8.47,1.39,14.73 
8.47,1.39,14.73 
8.47,1.39,14.73 
8.47,1.39,14.73 
8.47,1.39,14.73 
8.47,1.39,14.73 
8.47,1.39,14.73 
8.47,1.39,14.73 
8.47,1.39,14.73 
8.47,1.39,14.73 
8.47,1.39,14.73 
8.47,1.39,14.73 
8.47,1.39,14.73 
8.47,1.39,14.73 
8.47,1.39,14.73 
8.47,1.39,14.73 
8.47,1.39,14.73 
8.47,1.39,14.73 
8.47,1.39,14.73 
8.47,1.39,14.73 
8.47,1.39,14.73 
8.47,1.39,14.73 
8.47,1.39,14.73 
8.47,1.39,14.73 
8.47,1.39,14.73 
8.47,1.39,14.73 
8.47,1.39,14.73 
8.47,1.39,14.73 
8.47,1.39,14.73 
8.47,1.39,14.73 
8.47,1.39,14.73 
8.47,1.39,14.73 
8.47,1.39,14.73 
8.47,1.39,14.73 
8.47,1.39,14.73 
8.47,1.39,14.73 
8.47,1.39,14.73 
8.47,1.39,14.73 
8.47,1.39,14.73 
8.47,1.39,14.73 
8.47,1.39,14.73 
8.47,1.39,14.73 
8.47,1.39,14.73 
8.47,1.39,14.73 
8.47,1.39,14.73 
8.47,1.39,14.73 
8.47,1.39,14.73 
8.47,1.39,14.73 
8.47,1.39,14.73 
8.47,1.39,14.73 
8.47,1.39,14.73 
8.47,1.39,14.73 
8.47,1.39,14.73 
8.47,1.39,14.73 
8.47,1.39,14.73 
8.47,1.39,14.73 
8.47,1.39,14.73 
8.47,1.39,14.73 
8.47,1.39,14.73 
8.47,1.39,14.73 
8.47,1.39,14.73 
8.47,1.39,14.73 
8.47,1.39,14.73 
8.47,1.39,14.73 
8.47,1.39,14.73 
8.47,1.39,14.73 
8.47,1.39,14.73 
8.47,1.39,14.73 
8.47,1.39,14.73 
8.47,1.39,14.73 
8.47,1.39,14.73 
8.47,1.39,14.73 
8.47,1.39,14.73 
8.47,1.39,14.73 
8.47,1.39,14.73 
8.47,1.39,14.73 
8.47,1.39,14.73 
8.47,1.39,14.73 
8.47,1.39,14.73 
8.47,1.39,14.73 
8.47,1.39,14.73 
8.47,1.39,14.73 
8.47,1.39,14.73 
8.47,1.39,14.73 
8.47,1.39,14.73 
8.47,1.39,14.73 
8.47,1.39,14.73 
8.47,1.39,14.73 
8.47,1.39,14.73 
8.47,1.39,14.73 
8.47,1.39,14.73 
8.47,1.39,14.73 
8.47,1.39,14.73 
8.47,1.39,14.73 
8.47,1.39,14.73 
8.47,1.39,14.73 
8.47,1.39,14.73 
8.47,1.39,14.73 
8.47,1.39,14.73 
8.47,1.39,14.73 
8.47,1.39,14.73 
8.47,1.39,14.73 
8.47,1.39,14.73 
8.47,1.39,14.73 
8.47,1.39,14.73 
8.47,1.39,14.73 
8.47,1.39,14.73 
8.47,1.39,14.73 
8.47,1.39,14.73 
8.47,1.39,14.73 
8.47,1.39,14.73 
8.47,1.39,14.73 
8.47,1.39,14.73 
8.47,1.39,14.73 
8.47,1.39,14.73 
8.47,1.39,14.73 
8.47,1.39,14.73 
8.47,1.39,14.73 
8.47,1.39,14.73 
8.47,1.39,14.73 
8.47,1.39,14.73 
8.47,1.39,14.73 
8.47,1.39,14.73 
8.47,1.39,14.73 
8.47,1.39,14.73 
8.47,1.39,14.73 
8.47,1.39,14.73 
8.47,1.39,14.73 
8.47,1.39,14.73 
8.47,1.39,14.73 
8.47,1.39,14.73 
8.47,1.39,14.73 
8.47,1.39,14.73 
8.47,1.39,14.73 
8.47,1.39,14.73 
8.47,1.39,14.73 
8.47,1.39,14.73 
8.47,1.39,14.73 
8.47,1.39,14.73 
8.47,1.39,14.73 
8.47,1.39,14.73 
8.47,1.39,14.73 
8.47,1.39,14.73 
8.47,1.39,14.73 
8.47,1.39,14.73 
8.47,1.39,14.73 
8.47,1.39,14.73 
8.47,1.39,14.73 
8.47,1.39,14.73 
8.47,1.39,14.73 
8.47,1.39,14.73 
8.47,1.39,14.73 
8.47,1.39,14.73 
8.47,1.39,14.73 
8.47,1.39,14.73 
8.47,1.39,14.73 
8.47,1.39,14.73 
8.47,1.39,14.73 
8.47,1.39,14.73 
8.47,1.39,14.73 
8.47,1.39,14.73 
8.47,1.39,14.73 
8.47,1.39,14.73 
8.47,1.39,14.73 
8.47,1.39,14.73 
8.47,1.39,14.73 
8.47,1.39,14.73 
8.47,1.39,14.73 
8.47,1.39,14.73 
8.47,1.39,14.73 
8.47,1.39,14.73 
8.47,1.39,14.73 
8.47,1.39,14.73 
8.47,1.39,14.73 
8.47,1.39,14.73 
8.47,1.39,14.73 
8.47,1.39,14.73 
8.47,1.39,14.73 
8.47,1.39,14.73 
8.47,1.39,14.73 
8.47,1.39,14.73 
8.47,1.39,14.73 
8.47,1.39,14.73 
8.47,1.39,14.73 
8.47,1.39,14.73 
8.47,1.39,14.73 
8.47,1.39,14.73 
8.47,1.39,14.73 
8.47,1.39,14.73 
8.47,1.39,14.73 
8.47,1.39,14.73 
8.47,1.39,14.73 
8.47,1.39,14.73 
8.47,1.39,14.73 
8.47,1.39,14.73 
8.47,1.39,14.73 
8.47,1.39,14.73 
8.47,1.39,14.73 
8.47,1.39,14.73 
8.47,1.39,14.73 
8.47,1.39,14.73 
8.47,1.39,14.73 
8.47,1.39,14.73 
8.47,1.39,14.73 
8.47,1.39,14.73 
8.47,1.39,14.73 
8.47,1.39,14.73 
8.47,1.39,14.73 
8.47,1.39,14.73 
8.47,1.39,14.73 
8.47,1.39,14.73 
8.47,1.39,14.73 
8.47,1.39,14.73 
8.47,1.39,14.73 
8.47,1.39,14.73 
8.47,1.39,14.73 
8.47,1.39,14.73 
8.47,1.39,14.73 
8.47,1.39,14.73 
8.47,1.39,14.73 
8.47,1.39,14.73 
8.47,1.39,14.73 
8.47,1.39,14.73 
8.47,1.39,14.73 
8.47,1.39,14.73 
8.47,1.39,14.73 
8.47,1.39,14.73 
8.47,1.39,14.73 
8.47,1.39,14.73 
8.47,1.39,14.73 
8.47,1.39,14.73 
8.47,1.39,14.73 
8.47,1.39,14.73 
8.47,1.39,14.73 
8.47,1.39,14.73 
8.47,1.39,14.73 
8.47,1.39,14.73 
8.47,1.39,14.73 
8.47,1.39,14.73 
8.47,1.39,14.73 
8.47,1.39,14.73 
8.47,1.39,14.73 
8.47,1.39,14.73 
8.47,1.39,14.73 
8.47,1.39,14.73 
8.47,1.39,14.73 
8.47,1.39,14.73 
8.47,1.39,14.73 
8.47,1.39,14.73 
8.47,1.39,14.73 
8.47,1.39,14.73 
8.47,1.39,14.73 
8.47,1.39,14.73 
8.47,1.39,14.73 
8.47,1.39,14.73 
8.47,1.39,14.73 
8.47,1.39,14.73 
8.47,1.39,14.73 
8.47,1.39,14.73 
8.47,1.39,14.73 
8.47,1.39,14.73 
8.47,1.39,14.73 
8.47,1.39,14.73 
8.47,1.39,14.73 
8.47,1.39,14.73 
8.47,1.39,14.73 
8.47,1.39,14.73 
8.47,1.39,14.73 
8.47,1.39,14.73 
8.47,1.39,14.73 
8.47,1.39,14.73 
8.47,1.39,14.73 
8.47,1.39,14.73 
8.47,1.39,14.73 
8.47,1.39,14.73 
8.47,1.39,14.73 
8.47,1.39,14.73 
8.47,1.39,14.73 
8.47,1.39,14.73 
8.47,1.39,14.73 
8.47,1.39,14.73 
8.47,1.39,14.73 
8.47,1.39,14.73 
8.47,1.39,14.73 
8.47,1.39,14.73 
8.47,1.39,14.73 
8.47,1.39,14.73 
8.47,1.39,14.73 
8.47,1.39,14.73 
8.47,1.39,14.73 
8.47,1.39,14.73 
8.47,1.39,14.73 
8.47,1.39,14.73 
8.47,1.39,14.73 
8.47,1.39,14.73 
8.47,1.39,14.73 
8.47,1.39,14.73 
8.47,1.39,14.73 
8.47,1.39,14.73 
8.47,1.39,14.73 
8.47,1.39,14.73 
8.47,1.39,14.73 
8.47,1.39,14.73 
8.47,1.39,14.73 
8.47,1.39,14.73 
8.47,1.39,14.73 
8.47,1.39,14.73 
8.47,1.39,14.73 
8.47,1.39,14.73 
8.47,1.39,14.73 
8.47,1.39,14.73 
8.47,1.39,14.73 
8.47,1.39,14.73 
8.47,1.39,14.73 
8.47,1.39,14.73 
8.47,1.39,14.73 
8.47,1.39,14.73 
8.47,1.39,14.73 
8.47,1.39,14.73 
8.47,1.39,14.73 
8.47,1.39,14.73 
8.47,1.39,14.73 
8.47,1.39,14.73 
8.47,1.39,14.73 
8.47,1.39,14.73 
8.47,1.39,14.73 
8.47,1.39,14.73 
8.47,1.39,14.73 
8.47,1.39,14.73 
8.47,1.39,14.73 
8.47,1.39,14.73 
8.47,1.39,14.73 
8.47,1.39,14.73 
8.47,1.39,14.73 
8.47,1.39,14.73 
8.47,1.39,14.73 
8.47,1.39,14.73 
8.47,1.39,14.73 
8.47,1.39,14.73 
8.47,1.39,14.73 
8.47,1.39,14.73 
8.47,1.39,14.73 
8.47,1.39,14.73 
8.47,1.39,14.73 
8.47,1.39,14.73 
8.47,1.39,14.73 
8.47,1.39,14.73 
8.47,1.39,14.73 
8.47,1.39,14.73 
8.47,1.39,14.73 
8.47,1.39,14.73 
8.47,1.39,14.73 
8.47,1.39,14.73 
8.47,1.39,14.73 
8.47,1.39,14.73 
8.47,1.39,14.73 
8.47,1.39,14.73 
8.47,1.39,14.73 
8.47,1.39,14.73 
8.47,1.39,14.73 
8.47,1.39,14.73 
8.47,1.39,14.73 
8.47,1.39,14.73 
8.47,1.39,14.73 
8.47,1.39,14.73 
8.47,1.39,14.73 
8.47,1.39,14.73 
8.47,1.39,14.73 
8.47,1.39,14.73 
8.47,1.39,14.73 
8.47,1.39,14.73 
8.47,1.39,14.73 
8.47,1.39,14.73 
8.47,1.39,14.73 
8.47,1.39,14.73 
8.47,1.39,14.73 
8.47,1.39,14.73 
8.47,1.39,14.73 
8.47,1.39,14.73 
8.47,1.39,14.73 
8.47,1.39,14.73 
8.47,1.39,14.73 
8.47,1.39,14.73 
8.47,1.39,14.73 
8.47,1.39,14.73 
8.47,1.39,14.73 
8.47,1.39,14.73 
8.47,1.39,14.73 
8.47,1.39,14.73 
8.47,1.39,14.73 
8.47,1.39,14.73 
8.47,1.39,14.73 
8.47,1.39,14.73 
8.47,1.39,14.73 
8.47,1.39,14.73 
8.47,1.39,14.73 
8.47,1.39,14.73 
8.47,1.39,14.73 
8.47,1.39,14.73 
8.47,1.39,14.73 
8.47,1.39,14.73 
8.47,1.39,14.73 
8.47,1.39,14.73 
8.47,1.39,14.73 
8.47,1.39,14.73 
8.47,1.39,14.73 
8.47,1.39,14.73 
8.47,1.39,14.73 
8.47,1.39,14.73 
8.47,1.39,14.73 
8.47,1.39,14.73 
8.47,1.39,14.73 
8.47,1.39,14.73 
8.47,1.39,14.73 
8.47,1.39,14.73 
8.47,1.39,14.73 
8.47,1.39,14.73 
8.47,1.39,14.73 
8.47,1.39,14.73 
8.47,1.39,14.73 
8.47,1.39,14.73 
8.47,1.39,14.73 
8.47,1.39,14.73 
8.47,1.39,14.73 
8.47,1.39,14.73 
8.47,1.39,14.73 
8.47,1.39,14.73 
8.47,1.39,14.73 
8.47,1.39,14.73 
8.47,1.39,14.73 
8.47,1.39,14.73 
8.11,0.93,20.92 
8.11,0.93,20.92 
8.11,0.93,20.92 
8.11,0.93,20.92 
8.11,0.93,20.92 
8.11,0.93,20.92 
8.11,0.93,20.92 
8.11,0.93,20.92 
8.11,0.93,20.92 
8.11,0.93,20.92 
8.11,0.93,20.92 
8.11,0.93,20.92 
8.11,0.93,20.92 
8.11,0.93,20.92 
8.11,0.93,20.92 
8.11,0.93,20.92 
8.11,0.93,20.92 
8.11,0.93,20.92 
8.11,0.93,20.92 
8.11,0.93,20.92 
8.11,0.93,20.92 
8.11,0.93,20.92 
8.11,0.93,20.92 
8.11,0.93,20.92 
8.11,0.93,20.92 
8.11,0.93,20.92 
8.11,0.93,20.92 
8.11,0.93,20.92 
8.11,0.93,20.92 
8.11,0.93,20.92 
8.11,0.93,20.92 
8.11,0.93,20.92 
8.11,0.93,20.92 
8.11,0.93,20.92 
8.11,0.93,20.92 
8.11,0.93,20.92 
8.11,0.93,20.92 
8.11,0.93,20.92 
8.11,0.93,20.92 
8.11,0.93,20.92 
8.11,0.93,20.92 
8.11,0.93,20.92 
8.11,0.93,20.92 
8.11,0.93,20.92 
8.11,0.93,20.92 
8.11,0.93,20.92 
8.11,0.93,20.92 
8.11,0.93,20.92 
8.11,0.93,20.92 
8.11,0.93,20.92 
8.11,0.93,20.92 
8.11,0.93,20.92 
8.11,0.93,20.92 
8.11,0.93,20.92 
8.11,0.93,20.92 
8.11,0.93,20.92 
8.11,0.93,20.92 
8.11,0.93,20.92 
8.11,0.93,20.92 
8.11,0.93,20.92 
8.11,0.93,20.92 
8.11,0.93,20.92 
8.11,0.93,20.92 
8.11,0.93,20.92 
8.11,0.93,20.92 
8.11,0.93,20.92 
8.11,0.93,20.92 
8.11,0.93,20.92 
8.11,0.93,20.92 
8.11,0.93,20.92 
8.11,0.93,20.92 
8.11,0.93,20.92 
8.11,0.93,20.92 
8.11,0.93,20.92 
8.11,0.93,20.92 
8.11,0.93,20.92 
8.11,0.93,20.92 
8.11,0.93,20.92 
8.11,0.93,20.92 
8.11,0.93,20.92 
8.11,0.93,20.92 
8.11,0.93,20.92 
8.11,0.93,20.92 
8.11,0.93,20.92 
8.11,0.93,20.92 
8.11,0.93,20.92 
8.11,0.93,20.92 
8.11,0.93,20.92 
8.11,0.93,20.92 
8.11,0.93,20.92 
8.11,0.93,20.92 
8.11,0.93,20.92 
8.11,0.93,20.92 
8.11,0.93,20.92 
8.11,0.93,20.92 
8.11,0.93,20.92 
8.11,0.93,20.92 
8.11,0.93,20.92 
8.11,0.93,20.92 
8.11,0.93,20.92 
8.11,0.93,20.92 
8.11,0.93,20.92 
8.11,0.93,20.92 
8.11,0.93,20.92 
8.11,0.93,20.92 
8.11,0.93,20.92 
8.11,0.93,20.92 
8.11,0.93,20.92 
8.11,0.93,20.92 
8.11,0.93,20.92 
8.11,0.93,20.92 
8.11,0.93,20.92 
8.11,0.93,20.92 
8.11,0.93,20.92 
8.11,0.93,20.92 
8.11,0.93,20.92 
8.11,0.93,20.92 
8.11,0.93,20.92 
8.11,0.93,20.92 
8.11,0.93,20.92 
8.11,0.93,20.92 
8.11,0.93,20.92 
8.11,0.93,20.92 
8.11,0.93,20.92 
8.11,0.93,20.92 
8.11,0.93,20.92 
8.11,0.93,20.92 
8.11,0.93,20.92 
8.11,0.93,20.92 
8.11,0.93,20.92 
8.11,0.93,20.92 
8.11,0.93,20.92 
8.11,0.93,20.92 
8.11,0.93,20.92 
8.11,0.93,20.92 
8.11,0.93,20.92 
8.11,0.93,20.92 
8.11,0.93,20.92 
8.11,0.93,20.92 
8.11,0.93,20.92 
8.11,0.93,20.92 
8.11,0.93,20.92 
8.11,0.93,20.92 
8.11,0.93,20.92 
8.11,0.93,20.92 
8.11,0.93,20.92 
8.11,0.93,20.92 
8.11,0.93,20.92 
8.11,0.93,20.92 
8.11,0.93,20.92 
8.11,0.93,20.92 
8.11,0.93,20.92 
8.11,0.93,20.92 
8.11,0.93,20.92 
8.11,0.93,20.92 
8.11,0.93,20.92 
8.11,0.93,20.92 
8.11,0.93,20.92 
8.11,0.93,20.92 
8.11,0.93,20.92 
8.11,0.93,20.92 
8.11,0.93,20.92 
8.11,0.93,20.92 
8.11,0.93,20.92 
8.11,0.93,20.92 
8.11,0.93,20.92 
8.11,0.93,20.92 
8.11,0.93,20.92 
8.11,0.93,20.92 
8.11,0.93,20.92 
8.11,0.93,20.92 
8.11,0.93,20.92 
8.11,0.93,20.92 
8.11,0.93,20.92 
8.11,0.93,20.92 
8.11,0.93,20.92 
8.11,0.93,20.92 
8.11,0.93,20.92 
8.11,0.93,20.92 
8.11,0.93,20.92 
8.11,0.93,20.92 
8.11,0.93,20.92 
8.11,0.93,20.92 
8.11,0.93,20.92 
8.11,0.93,20.92 
8.11,0.93,20.92 
8.11,0.93,20.92 
8.11,0.93,20.92 
8.11,0.93,20.92 
8.11,0.93,20.92 
8.11,0.93,20.92 
8.11,0.93,20.92 
8.11,0.93,20.92 
8.11,0.93,20.92 
8.11,0.93,20.92 
8.11,0.93,20.92 
8.11,0.93,20.92 
8.11,0.93,20.92 
8.11,0.93,20.92 
8.11,0.93,20.92 
8.11,0.93,20.92 
8.11,0.93,20.92 
8.11,0.93,20.92 
8.11,0.93,20.92 
8.11,0.93,20.92 
8.11,0.93,20.92 
8.11,0.93,20.92 
8.11,0.93,20.92 
8.11,0.93,20.92 
8.11,0.93,20.92 
8.11,0.93,20.92 
8.11,0.93,20.92 
8.11,0.93,20.92 
8.11,0.93,20.92 
8.11,0.93,20.92 
8.11,0.93,20.92 
8.11,0.93,20.92 
8.11,0.93,20.92 
8.11,0.93,20.92 
8.11,0.93,20.92 
8.11,0.93,20.92 
8.11,0.93,20.92 
8.11,0.93,20.92 
7.73,1.28,11.35 
7.73,1.28,11.35 
7.73,1.28,11.35 
7.73,1.28,11.35 
7.73,1.28,11.35 
7.73,1.28,11.35 
7.73,1.28,11.35 
7.73,1.28,11.35 
7.73,1.28,11.35 
7.73,1.28,11.35 
7.73,1.28,11.35 
7.73,1.28,11.35 
7.73,1.28,11.35 
7.73,1.28,11.35 
7.73,1.28,11.35 
7.73,1.28,11.35 
7.73,1.28,11.35 
7.73,1.28,11.35 
7.73,1.28,11.35 
7.73,1.28,11.35 
7.73,1.28,11.35 
7.73,1.28,11.35 
7.73,1.28,11.35 
7.73,1.28,11.35 
7.73,1.28,11.35 
7.73,1.28,11.35 
7.73,1.28,11.35 
7.73,1.28,11.35 
7.73,1.28,11.35 
7.73,1.28,11.35 
7.73,1.28,11.35 
7.73,1.28,11.35 
7.73,1.28,11.35 
7.73,1.28,11.35 
7.73,1.28,11.35 
7.73,1.28,11.35 
7.73,1.28,11.35 
7.73,1.28,11.35 
7.73,1.28,11.35 
7.73,1.28,11.35 
7.73,1.28,11.35 
7.73,1.28,11.35 
7.73,1.28,11.35 
7.73,1.28,11.35 
7.73,1.28,11.35 
7.73,1.28,11.35 
7.73,1.28,11.35 
7.73,1.28,11.35 
7.73,1.28,11.35 
7.73,1.28,11.35 
7.73,1.28,11.35 
7.73,1.28,11.35 
7.73,1.28,11.35 
7.73,1.28,11.35 
7.73,1.28,11.35 
7.73,1.28,11.35 
7.73,1.28,11.35 
7.73,1.28,11.35 
7.73,1.28,11.35 
7.73,1.28,11.35 
7.73,1.28,11.35 
7.73,1.28,11.35 
7.73,1.28,11.35 
7.73,1.28,11.35 
7.73,1.28,11.35 
7.73,1.28,11.35 
7.73,1.28,11.35 
7.73,1.28,11.35 
7.73,1.28,11.35 
7.73,1.28,11.35 
7.73,1.28,11.35 
7.73,1.28,11.35 
7.73,1.28,11.35 
7.73,1.28,11.35 
7.73,1.28,11.35 
7.73,1.28,11.35 
7.73,1.28,11.35 
7.73,1.28,11.35 
7.73,1.28,11.35 
7.73,1.28,11.35 
7.73,1.28,11.35 
7.73,1.28,11.35 
7.73,1.28,11.35 
7.73,1.28,11.35 
7.73,1.28,11.35 
7.73,1.28,11.35 
7.73,1.28,11.35 
7.73,1.28,11.35 
7.73,1.28,11.35 
7.73,1.28,11.35 
7.73,1.28,11.35 
7.73,1.28,11.35 
7.73,1.28,11.35 
7.73,1.28,11.35 
7.73,1.28,11.35 
7.73,1.28,11.35 
7.73,1.28,11.35 
7.73,1.28,11.35 
7.73,1.28,11.35 
7.73,1.28,11.35 
7.73,1.28,11.35 
7.73,1.28,11.35 
7.73,1.28,11.35 
7.73,1.28,11.35 
7.73,1.28,11.35 
7.73,1.28,11.35 
7.73,1.28,11.35 
7.73,1.28,11.35 
7.73,1.28,11.35 
7.73,1.28,11.35 
7.73,1.28,11.35 
7.73,1.28,11.35 
7.73,1.28,11.35 
7.73,1.28,11.35 
7.73,1.28,11.35 
9.83,1.95,18.05 
9.83,1.95,18.05 
9.83,1.95,18.05 
9.83,1.95,18.05 
9.83,1.95,18.05 
9.83,1.95,18.05 
9.83,1.95,18.05 
9.83,1.95,18.05 
9.83,1.95,18.05 
9.83,1.95,18.05 
9.83,1.95,18.05 
9.83,1.95,18.05 
9.83,1.95,18.05 
9.83,1.95,18.05 
9.83,1.95,18.05 
9.83,1.95,18.05 
9.83,1.95,18.05 
9.83,1.95,18.05 
9.83,1.95,18.05 
9.83,1.95,18.05 
9.83,1.95,18.05 
9.83,1.95,18.05 
9.83,1.95,18.05 
9.83,1.95,18.05 
9.83,1.95,18.05 
9.83,1.95,18.05 
9.83,1.95,18.05 
9.83,1.95,18.05 
9.83,1.95,18.05 
9.83,1.95,18.05 
9.83,1.95,18.05 
9.83,1.95,18.05 
9.83,1.95,18.05 
9.83,1.95,18.05 
9.83,1.95,18.05 
9.83,1.95,18.05 
9.83,1.95,18.05 
9.83,1.95,18.05 
9.83,1.95,18.05 
9.83,1.95,18.05 
9.83,1.95,18.05 
9.83,1.95,18.05 
9.83,1.95,18.05 
9.83,1.95,18.05 
9.83,1.95,18.05 
9.83,1.95,18.05 
9.83,1.95,18.05 
9.83,1.95,18.05 
9.83,1.95,18.05 
9.83,1.95,18.05 
9.83,1.95,18.05 
9.83,1.95,18.05 
9.83,1.95,18.05 
9.83,1.95,18.05 
9.83,1.95,18.05 
9.83,1.95,18.05 
9.83,1.95,18.05 
9.83,1.95,18.05 
9.83,1.95,18.05 
9.83,1.95,18.05 
9.83,1.95,18.05 
9.83,1.95,18.05 
9.83,1.95,18.05 
9.83,1.95,18.05 
9.83,1.95,18.05 
9.83,1.95,18.05 
9.83,1.95,18.05 
9.83,1.95,18.05 
9.83,1.95,18.05 
9.83,1.95,18.05 
9.83,1.95,18.05 
9.83,1.95,18.05 
9.83,1.95,18.05 
9.83,1.95,18.05 
9.83,1.95,18.05 
9.83,1.95,18.05 
9.83,1.95,18.05 
9.83,1.95,18.05 
9.83,1.95,18.05 
9.83,1.95,18.05 
9.83,1.95,18.05 
9.83,1.95,18.05 
9.83,1.95,18.05 
9.83,1.95,18.05 
9.83,1.95,18.05 
7.70,1.22,21.50 
7.70,1.22,21.50 
7.70,1.22,21.50 
7.70,1.22,21.50 
7.70,1.22,21.50 
7.70,1.22,21.50 
7.70,1.22,21.50 
7.70,1.22,21.50 
7.70,1.22,21.50 
7.70,1.22,21.50 
7.70,1.22,21.50 
7.70,1.22,21.50 
7.70,1.22,21.50 
7.70,1.22,21.50 
7.70,1.22,21.50 
7.70,1.22,21.50 
7.70,1.22,21.50 
7.70,1.22,21.50 
7.70,1.22,21.50 
7.70,1.22,21.50 
7.70,1.22,21.50 
7.70,1.22,21.50 
7.70,1.22,21.50 
7.70,1.22,21.50 
7.70,1.22,21.50 
7.70,1.22,21.50 
7.70,1.22,21.50 
7.70,1.22,21.50 
7.70,1.22,21.50 
7.70,1.22,21.50 
7.70,1.22,21.50 
7.70,1.22,21.50 
7.70,1.22,21.50 
7.70,1.22,21.50 
7.70,1.22,21.50 
7.70,1.22,21.50 
7.70,1.22,21.50 
7.70,1.22,21.50 
7.70,1.22,21.50 
7.70,1.22,21.50 
7.70,1.22,21.50 
7.70,1.22,21.50 
7.70,1.22,21.50 
7.70,1.22,21.50 
7.70,1.22,21.50 
7.70,1.22,21.50 
7.70,1.22,21.50 
7.70,1.22,21.50 
7.70,1.22,21.50 
7.70,1.22,21.50 
7.70,1.22,21.50 
7.70,1.22,21.50 
7.70,1.22,21.50 
7.70,1.22,21.50 
7.70,1.22,21.50 
7.70,1.22,21.50 
7.70,1.22,21.50 
7.70,1.22,21.50 
7.70,1.22,21.50 
7.70,1.22,21.50 
7.70,1.22,21.50 
7.70,1.22,21.50 
7.70,1.22,21.50 
7.70,1.22,21.50 
7.70,1.22,21.50 
7.70,1.22,21.50 
